Model,Battery,Range,Efficiency
TeslaModel 3 RWD(Highland)Tesla Model 3 RWD,,,
MGMG4 Electric 64 kWh(MY22-25)MG MG4 Electric 64 kWh,,,
BMWiX xDrive40BMW iX xDrive40,,,
Fiat500e Hatchback 42 kWhFiat 500e Hatchback 42 kWh,,,
BMWi3 50 xDriveBMW i3 50 xDrive,,,
CUPRABorn 150 kW - 58 kWh(MY22-24)CUPRA Born 150 kW - 58 kWh,,,
CUPRABorn 170 kW - 77 kWh(MY22-24)CUPRA Born 170 kW - 77 kWh,,,
Mercedes-BenzCLA 250+Mercedes-Benz CLA 250+,,,
BMWiX3 50 xDrive(MY26)BMW iX3 50 xDrive,,,
TeslaModel Y RWD(Juniper)Tesla Model Y RWD,,,
TeslaModel Y Premium AWD(Juniper)Tesla Model Y Premium AWD,,,
TeslaModel Y Long Range AWD(Juniper)Tesla Model Y Long Range AWD,,,
KiaEV3 Long Range(MY25-26)Kia EV3 Long Range,,,
TeslaModel 3 Premium RWD(Highland)Tesla Model 3 Premium RWD,,,
TeslaModel Y Long Range AWDTesla Model Y Long Range AWD,,,
BMWiX5 60 xDrive(MY27)BMW iX5 60 xDrive,,,
Citroënë-C3 Aircross Extended Range 54 kWhCitroen e-C3 Aircross Extended Range 54 kWh,,,
LeapmotorB05 67.1 kWhLeapmotor B05 67.1 kWh,,,
RenaultTwingo E-Tech 27.5 kWhRenault Twingo E-Tech 27.5 kWh,,,
VolvoEX60 P12 AWD(MY27)Volvo EX60 P12 AWD,,,
Mercedes-BenzGLC 400 4MATICMercedes-Benz GLC 400 4MATIC,,,
BYDATTO 2 64.8 kWhBYD ATTO 2 64.8 kWh,,,
XPENGL03 RWD Long RangeXPENG L03 RWD Long Range,,,
TeslaModel 3 Long Range RWD(Highland)Tesla Model 3 Long Range RWD,,,
HyundaiIONIQ 3 61 kWh(MY27)Hyundai IONIQ 3 61 kWh,,,
TeslaModel 3 Long Range AWDTesla Model 3 Long Range AWD,,,
Renault5 E-Tech 52kWh 150hpRenault 5 E-Tech 52kWh 150hp,,,
XPENGG6 RWD Long Range(MY25)XPENG G6 RWD Long Range,,,
BYDSEALION 7 91.3 kWh AWD ExcellenceBYD SEALION 7 91.3 kWh AWD Excellence,,,
TeslaModel Y RWD(Juniper)Tesla Model Y RWD,,,
Zeekr7GT Long Range RWD(MY26)Zeekr 7GT Long Range RWD,,,
VolkswagenID. Polo 155 kW - 52 kWh(MY27)Volkswagen ID. Polo 155 kW - 52 kWh,,,
TeslaModel Y PerformanceTesla Model Y Performance,,,
DongfengBox 42.3 kWhDongfeng Box 42.3 kWh,,,
LeapmotorB10 67.1 kWhLeapmotor B10 67.1 kWh,,,
ToyotaC-HR+ 77 kWh(MY26)Toyota C-HR+ 77 kWh,,,
ChanganDeepal S05 RWDChangan Deepal S05 RWD,,,
TeslaModel Y RWD(CATL 6L)Tesla Model Y RWD,,,
HyundaiIONIQ 5 84 kWh RWD(MY24)Hyundai IONIQ 5 84 kWh RWD,,,
KiaPV5 Passenger 71.2 kWh(MY27)Kia PV5 Passenger 71.2 kWh,,,
Mercedes-BenzC 400 4MATICMercedes-Benz C 400 4MATIC,,,
Jaecoo5 EVJaecoo 5 EV,,,
TeslaModel Y Premium RWD(Juniper - Tesla 4680)Tesla Model Y Premium RWD,,,
KiaEV4 Hatchback 81.4 kWh(MY25-26)Kia EV4 Hatchback 81.4 kWh,,,
LeapmotorT03Leapmotor T03,,,
KiaNiro EVKia Niro EV,,,
VolkswagenID.3 Neo 79 kWh(MY27)Volkswagen ID.3 Neo 79 kWh,,,
TeslaModel Y Performance(Juniper)Tesla Model Y Performance,,,
VolvoEX30 Single Motor ER(MY24-26)Volvo EX30 Single Motor ER,,,
RenaultMegane E-Tech EV60 220hpRenault Megane E-Tech EV60 220hp,,,
BYDATTO 3(MY23-24)BYD ATTO 3,,,
Mercedes-BenzEQB 250+Mercedes-Benz EQB 250+,,,
Mercedes-BenzGLB 250+Mercedes-Benz GLB 250+,,,
Volkswagene-GolfVolkswagen e-Golf,,,
HyundaiKona Electric 65 kWh(MY24-25)Hyundai Kona Electric 65 kWh,,,
Mazda6e 68.8 kWh(MY25)Mazda 6e 68.8 kWh,,,
HyundaiINSTER Long RangeHyundai INSTER Long Range,,,
TeslaModel S PlaidTesla Model S Plaid,,,
Mercedes-BenzEQC 400 4MATICMercedes-Benz EQC 400 4MATIC,,,
Audie-tron 55 quattroAudi e-tron 55 quattro,,,
KiaEV6 Long Range AWDKia EV6 Long Range AWD,,,
KiaEV5 81.4 kWh(MY26)Kia EV5 81.4 kWh,,,
BYDDOLPHIN SURF 43.2 kWh ComfortBYD DOLPHIN SURF 43.2 kWh Comfort,,,
BMWiX1 xDrive30(MY23-25)BMW iX1 xDrive30,,,
BMWiX3(MY22-24)BMW iX3,,,
BMWi4 eDrive40BMW i4 eDrive40,,,
TeslaModel 3 Standard Range Plus(PANA 2170L)Tesla Model 3 Standard Range Plus,,,
ToyotabZ4X Touring AWD 74.7 kWh(MY26)Toyota bZ4X Touring AWD 74.7 kWh,,,
ChanganDeepal S07 StandardChangan Deepal S07 Standard,,,
MGMG4 Urban Comfort Long Range(MY26)MG MG4 Urban Comfort Long Range,,,
TeslaModel 3 Long Range AWDTesla Model 3 Long Range AWD,,,
Citroënë-C3 Standard Range 44 kWhCitroen e-C3 Standard Range 44 kWh,,,
Zeekr7X Long Range RWD(MY25)Zeekr 7X Long Range RWD,,,
ŠkodaPeaq 90(MY27)Skoda Peaq 90,,,
VolkswagenID.4 Pro(MY24-25)Volkswagen ID.4 Pro,,,
TeslaModel 3 Standard Range PlusTesla Model 3 Standard Range Plus,,,
ŠkodaEpiq 55(MY27)Skoda Epiq 55,,,
RenaultZoe ZE50 R110Renault Zoe ZE50 R110,,,
ŠkodaEnyaq iV 80(MY21-23)Skoda Enyaq iV 80,,,
HyundaiKona Electric 64 kWh(MY22-23)Hyundai Kona Electric 64 kWh,,,
LeapmotorB03X 53.0 kWh(MY27)Leapmotor B03X 53.0 kWh,,,
Mercedes-BenzEQS 450+Mercedes-Benz EQS 450+,,,
ŠkodaElroq 85(MY25)Skoda Elroq 85,,,
TeslaModel 3 PerformanceTesla Model 3 Performance,,,
MGMGS5 EV 64 kWhMG MGS5 EV 64 kWh,,,
BYDSEAL 82.5 kWh AWD Excellence(MY23-25)BYD SEAL 82.5 kWh AWD Excellence,,,
BYDTANG FlagshipBYD TANG Flagship,,,
KiaEV4 Hatchback 81.4 kWh(MY27)Kia EV4 Hatchback 81.4 kWh,,,
BYDSEALION 7 82.5 kWh RWD ComfortBYD SEALION 7 82.5 kWh RWD Comfort,,,
LucidAir Grand Touring(MY25-26)Lucid Air Grand Touring,,,
BMWiX3 40(MY26)BMW iX3 40,,,
TeslaModel Y Premium RWD(Juniper - LG 5L)Tesla Model Y Premium RWD,,,
BYDATTO 3 Evo RWD Design(MY26)BYD ATTO 3 Evo RWD Design,,,
TeslaModel 3 RWD(CATL 6L)Tesla Model 3 RWD,,,
XPENGP7+ RWD Long Range(MY26)XPENG P7+ RWD Long Range,,,
Mercedes-BenzCLA Shooting Brake 250+Mercedes-Benz CLA Shooting Brake 250+,,,
Mercedes-BenzG 580Mercedes-Benz G 580,,,
TeslaModel Y Premium RWD(Juniper - LG 5M)Tesla Model Y Premium RWD,,,
TeslaModel 3 Premium AWD(Highland)Tesla Model 3 Premium AWD,,,
TeslaModel 3 Performance(Highland)Tesla Model 3 Performance,,,
OmodaE5Omoda E5,,,
TeslaModel 3 Long Range AWDTesla Model 3 Long Range AWD,,,
AudiQ6 Sportback e-tron quattro(MY26)Audi Q6 Sportback e-tron quattro,,,
ŠkodaElroq 60(MY27)Skoda Elroq 60,,,
ŠkodaEnyaq 85(MY25)Skoda Enyaq 85,,,
Mercedes-BenzVLE 300Mercedes-Benz VLE 300,,,
NissanLEAF Extended Range 75 kWh(MY26)Nissan LEAF Extended Range 75 kWh,,,
KiaEV2 42.2 kWh(MY27)Kia EV2 42.2 kWh,,,
FiatGrande PandaFiat Grande Panda,,,
RenaultScenic E-Tech EV87 220hp(TU2025)Renault Scenic E-Tech EV87 220hp,,,
GACAION UT 60 kWhGAC AION UT 60 kWh,,,
HyundaiIONIQ ElectricHyundai IONIQ Electric,,,
HondaSuper-NHonda Super-N,,,
BYDATTO 3(MY25)BYD ATTO 3,,,
Kiae-Niro 64 kWhKia e-Niro 64 kWh,,,
HyundaiIONIQ 6 84 kWh RWD(MY26)Hyundai IONIQ 6 84 kWh RWD,,,
Mercedes-BenzCLA 200Mercedes-Benz CLA 200,,,
KiaEV2 61 kWh(MY27)Kia EV2 61 kWh,,,
KGMTorres EVX(MY24-25)KGM Torres EVX,,,
Mercedes-BenzEQS 450+(MY26)Mercedes-Benz EQS 450+,,,
BMWi3 120 AhBMW i3 120 Ah,,,
VolkswagenID.7 Pro(MY24-25)Volkswagen ID.7 Pro,,,
Audie-tron 50 quattroAudi e-tron 50 quattro,,,
Mercedes-BenzCLA 350 4MATICMercedes-Benz CLA 350 4MATIC,,,
MGMG5 Electric Long RangeMG MG5 Electric Long Range,,,
VolkswagenID.3 1stVolkswagen ID.3 1st,,,
DaciaSpring Electric 70Dacia Spring Electric 70,,,
VolkswagenID.4 Pro PerformanceVolkswagen ID.4 Pro Performance,,,
BMWi4 eDrive40BMW i4 eDrive40,,,
BMWiX1 eDrive20(MY23-25)BMW iX1 eDrive20,,,
LeapmotorC10 AWD 81.9 kWhLeapmotor C10 AWD 81.9 kWh,,,
VolkswagenID.4 Pro(MY27)Volkswagen ID.4 Pro,,,
BMWiX xDrive50BMW iX xDrive50,,,
CUPRARaval 155 kW - 52 kWh(MY27)CUPRA Raval 155 kW - 52 kWh,,,
VolkswagenID.3 ProVolkswagen ID.3 Pro,,,
MGZS EV Long RangeMG ZS EV Long Range,,,
MiniCooper SEMini Cooper SE,,,
AudiQ4 e-tron 45(MY24-26)Audi Q4 e-tron 45,,,
VolvoEX60 P10 AWD(MY27)Volvo EX60 P10 AWD,,,
BYDSEAL U 87 kWh DesignBYD SEAL U 87 kWh Design,,,
Peugeote-2008 54 kWh(MY24)Peugeot e-2008 54 kWh,,,
BMWi4 M50BMW i4 M50,,,
Zeekr7GT Privilege AWD(MY26)Zeekr 7GT Privilege AWD,,,
TeslaModel 3 Performance(Highland)Tesla Model 3 Performance,,,
XPENGG6 AWD Performance(MY25)XPENG G6 AWD Performance,,,
MazdaCX-6e 78 kWh(MY26)Mazda CX-6e 78 kWh,,,
HyundaiKona Electric 64 kWh(MY20-21)Hyundai Kona Electric 64 kWh,,,
TeslaModel Y Long Range RWDTesla Model Y Long Range RWD,,,
GeelyEX5 ProGeely EX5 Pro,,,
Lynk&Co02(MY25)Lynk&Co 02,,,
KiaPV5 Passenger 71.2 kWh - 7 Seats(MY27)Kia PV5 Passenger 71.2 kWh - 7 Seats,,,
Hondae:Ny1Honda e:Ny1,,,
NissanLEAF 40 kWh(MY18-22)Nissan LEAF 40 kWh,,,
FerrariLuceFerrari Luce,,,
HyundaiIONIQ 5 84 kWh AWD(MY24)Hyundai IONIQ 5 84 kWh AWD,,,
BYDDOLPHIN 60.4 kWh(MY25)BYD DOLPHIN 60.4 kWh,,,
KiaEV9 99.8 kWh AWDKia EV9 99.8 kWh AWD,,,
ŠkodaElroq 85(MY27)Skoda Elroq 85,,,
Renault4 E-Tech 52kWh 150hpRenault 4 E-Tech 52kWh 150hp,,,
AudiA6 Avant e-tron performance(MY25)Audi A6 Avant e-tron performance,,,
XPENGG9 RWD Long Range(MY25)XPENG G9 RWD Long Range,,,
TeslaModel 3 Long Range AWD(Highland)Tesla Model 3 Long Range AWD,,,
BYDSEAL 82.5 kWh RWD Design(MY26)BYD SEAL 82.5 kWh RWD Design,,,
PorscheCayenne Electric(MY26)Porsche Cayenne Electric,,,
Polestar2 Long Range Dual Motor(MY21-23)Polestar 2 Long Range Dual Motor,,,
NissanAriya 87kWhNissan Ariya 87kWh,,,
TeslaModel 3 RWD(Highland - CATL 6M)Tesla Model 3 RWD,,,
HyundaiIONIQ 6 Long Range 2WD(MY23-25)Hyundai IONIQ 6 Long Range 2WD,,,
TeslaModel S 100DTesla Model S 100D,,,
SubaruE-Outback AWD(MY26)Subaru E-Outback AWD,,,
GACAION V 75 kWhGAC AION V 75 kWh,,,
ToyotabZ4X AWD 73.1 kWh(MY25)Toyota bZ4X AWD 73.1 kWh,,,
TeslaModel 3 PerformanceTesla Model 3 Performance,,,
XPENGG6 RWD Standard Range(MY25)XPENG G6 RWD Standard Range,,,
Suzukie VITARA 61 kWh 2WDSuzuki e VITARA 61 kWh 2WD,,,
KiaEV3 Standard Range(MY25-26)Kia EV3 Standard Range,,,
HyundaiIONIQ 5 63 kWh RWD(MY24)Hyundai IONIQ 5 63 kWh RWD,,,
Peugeote-5008 73 kWhPeugeot e-5008 73 kWh,,,
BYDATTO 3 Evo AWD Excellence(MY26)BYD ATTO 3 Evo AWD Excellence,,,
TeslaModel Y Long Range RWD(Juniper)Tesla Model Y Long Range RWD,,,
fireflyfireflyfirefly firefly,,,
ŠkodaEnyaq 85(MY27)Skoda Enyaq 85,,,
OpelFrontera Electric 54 kWhOpel Frontera Electric 54 kWh,,,
MiniCooper SEMini Cooper SE,,,
RenaultMegane E-Tech EV60 220hp(TU2025)Renault Megane E-Tech EV60 220hp,,,
ŠkodaElroq 60(MY25)Skoda Elroq 60,,,
TeslaModel Y Long Range AWDTesla Model Y Long Range AWD,,,
ŠkodaEnyaq iV 60(MY21-23)Skoda Enyaq iV 60,,,
Zeekr001 Long Range RWD(MY24)Zeekr 001 Long Range RWD,,,
MiniCountryman E(MY24-25)Mini Countryman E,,,
VolkswagenID. Cross 155 kW - 52 kWh(MY27)Volkswagen ID. Cross 155 kW - 52 kWh,,,
AudiQ8 SUV e-tron 55 quattroAudi Q8 SUV e-tron 55 quattro,,,
VoyahFree 106 kWhVoyah Free 106 kWh,,,
Mazda6e Long Range 80 kWh(MY25)Mazda 6e Long Range 80 kWh,,,
TeslaModel X 100DTesla Model X 100D,,,
Peugeote-3008 73 kWhPeugeot e-3008 73 kWh,,,
VolkswagenID.3 Neo 58 kWh(MY27)Volkswagen ID.3 Neo 58 kWh,,,
Audie-tron GT quattroAudi e-tron GT quattro,,,
OpelCorsa-e(MY22-23)Opel Corsa-e,,,
MGMG4 Urban Premium Long Range(MY26)MG MG4 Urban Premium Long Range,,,
FordExplorer Extended Range RWD(MY24-25)Ford Explorer Extended Range RWD,,,
BMWi4 eDrive35BMW i4 eDrive35,,,
BYDDOLPHIN SURF 43.2 kWh BoostBYD DOLPHIN SURF 43.2 kWh Boost,,,
TeslaModel 3 RWD(Highland - CATL 6L)Tesla Model 3 RWD,,,
KiaEV4 Fastback 81.4 kWh(MY25-26)Kia EV4 Fastback 81.4 kWh,,,
TeslaModel S 75DTesla Model S 75D,,,
HyundaiIONIQ 5 N(MY24)Hyundai IONIQ 5 N,,,
XPENGG9 AWD Performance(MY25)XPENG G9 AWD Performance,,,
TeslaModel S Plaid(MY26)Tesla Model S Plaid,,,
KiaEV6 Long Range 2WDKia EV6 Long Range 2WD,,,
XPENGX9 FWD Long Range(MY26)XPENG X9 FWD Long Range,,,
VolkswagenID.7 Tourer 86 kWh(MY27)Volkswagen ID.7 Tourer 86 kWh,,,
BMWiX1 eDrive20(MY26)BMW iX1 eDrive20,,,
Mercedes-BenzEQA 250+Mercedes-Benz EQA 250+,,,
TeslaModel X Long Range PlusTesla Model X Long Range Plus,,,
MGZS EVMG ZS EV,,,
VolvoEX30 P5 Long Range(MY27)Volvo EX30 P5 Long Range,,,
AudiA6 Sportback e-tron performance(MY25)Audi A6 Sportback e-tron performance,,,
MGMG4 Electric 51 kWh(MY22-25)MG MG4 Electric 51 kWh,,,
BMWiX xDrive60BMW iX xDrive60,,,
Peugeote-3008 97 kWh Long RangePeugeot e-3008 97 kWh Long Range,,,
BYDSEAL U 71.8 kWh ComfortBYD SEAL U 71.8 kWh Comfort,,,
Mazda6e 78 kWh(MY26)Mazda 6e 78 kWh,,,
HondaeHonda e,,,
JeepAvenger ElectricJeep Avenger Electric,,,
ToyotabZ4X AWD(MY22-24)Toyota bZ4X AWD,,,
Citroënë-C4Citroen e-C4,,,
PorscheTaycanPorsche Taycan,,,
HyundaiIONIQ 9 Long Range AWDHyundai IONIQ 9 Long Range AWD,,,
ToyotabZ4X Touring FWD 74.7 kWh(MY26)Toyota bZ4X Touring FWD 74.7 kWh,,,
ŠkodaPeaq 90x(MY27)Skoda Peaq 90x,,,
BMWi5 eDrive40 Sedan(MY23-24)BMW i5 eDrive40 Sedan,,,
ChanganDeepal S05 4WD MaxChangan Deepal S05 4WD Max,,,
OpelMokka ElectricOpel Mokka Electric,,,
Smart#5 Premium(MY25)Smart #5 Premium,,,
Mercedes-BenzAMG GT 4-Door Coupé 55 4MATIC+Mercedes-Benz AMG GT 4-Door Coupe 55 4MATIC+,,,
TeslaModel S Long Range PlusTesla Model S Long Range Plus,,,
Peugeote-208 54 kWh(MY25)Peugeot e-208 54 kWh,,,
Peugeote-208(MY20-21)Peugeot e-208,,,
LeapmotorB03X 39.8 kWh(MY27)Leapmotor B03X 39.8 kWh,,,
TOGGT10F Long Range RWDTOGG T10F Long Range RWD,,,
Volkswagene-Up!Volkswagen e-Up!,,,
Zeekr7X Privilege AWD(MY25)Zeekr 7X Privilege AWD,,,
HyundaiIONIQ 6 63 kWh RWD(MY26)Hyundai IONIQ 6 63 kWh RWD,,,
TeslaModel X 75DTesla Model X 75D,,,
MGMG4 Urban Standard Range(MY26)MG MG4 Urban Standard Range,,,
AudiQ4 e-tron 40(MY21-23)Audi Q4 e-tron 40,,,
TeslaModel Y RWD(BYD 7C BLADE)Tesla Model Y RWD,,,
FordPuma Gen-E(MY24-25)Ford Puma Gen-E,,,
MGMGS6 EV RWD 77 kWhMG MGS6 EV RWD 77 kWh,,,
HyundaiIONIQ ElectricHyundai IONIQ Electric,,,
HongqiE-HS9 99 kWhHongqi E-HS9 99 kWh,,,
MiniCountryman E(MY26)Mini Countryman E,,,
BMWiX xDrive45BMW iX xDrive45,,,
LucidAir Sapphire(MY25-26)Lucid Air Sapphire,,,
TeslaModel 3 Long Range AWDTesla Model 3 Long Range AWD,,,
MGIM5 Long RangeMG IM5 Long Range,,,
ŠkodaEpiq 35(MY27)Skoda Epiq 35,,,
Mercedes-BenzEQA 250Mercedes-Benz EQA 250,,,
TeslaModel S Dual MotorTesla Model S Dual Motor,,,
BYDDOLPHIN 60.4 kWh(MY24)BYD DOLPHIN 60.4 kWh,,,
RenaultScenic E-Tech EV87 220hpRenault Scenic E-Tech EV87 220hp,,,
TeslaModel S 90DTesla Model S 90D,,,
Mercedes-BenzGLB 350 4MATICMercedes-Benz GLB 350 4MATIC,,,
Renault5 E-Tech 40kWh 120hpRenault 5 E-Tech 40kWh 120hp,,,
TeslaModel S P100DTesla Model S P100D,,,
TeslaModel Y Long Range RWD(Juniper - Tesla 4680)Tesla Model Y Long Range RWD,,,
Mercedes-BenzEQB 300 4MATICMercedes-Benz EQB 300 4MATIC,,,
BYDDOLPHIN SURF 30 kWh ActiveBYD DOLPHIN SURF 30 kWh Active,,,
TOGGT10X Long Range RWDTOGG T10X Long Range RWD,,,
Zeekr7GT Core RWD(MY26)Zeekr 7GT Core RWD,,,
BMWi7 xDrive60(MY23-26)BMW i7 xDrive60,,,
VolvoEX40 Single Motor ER(MY26)Volvo EX40 Single Motor ER,,,
NissanLEAF 30 kWh(MY15-17)Nissan LEAF 30 kWh,,,
CitroënC5 Aircross Long RangeCitroen C5 Aircross Long Range,,,
TeslaModel S 85DTesla Model S 85D,,,
NissanMicra Extended Range 52 kWhNissan Micra Extended Range 52 kWh,,,
HyundaiIONIQ 6 Standard Range 2WD(MY23-25)Hyundai IONIQ 6 Standard Range 2WD,,,
CUPRABorn 170 kW - 79 kWh(MY27)CUPRA Born 170 kW - 79 kWh,,,
HyundaiIONIQ 5 Long Range AWD(MY22)Hyundai IONIQ 5 Long Range AWD,,,
Fiat600eFiat 600e,,,
AudiQ6 SUV e-tron quattro(MY24-25)Audi Q6 SUV e-tron quattro,,,
TeslaModel S AWD(MY26)Tesla Model S AWD,,,
LexusES 350e(MY26)Lexus ES 350e,,,
XPENGX9 AWD Performance(MY26)XPENG X9 AWD Performance,,,
GWMORA 03 48 kWhGWM ORA 03 48 kWh,,,
HyundaiIONIQ 6 Long Range AWD(MY23-25)Hyundai IONIQ 6 Long Range AWD,,,
NissanLEAF Standard Range 52 kWh(MY26)Nissan LEAF Standard Range 52 kWh,,,
PorscheTaycan Turbo SPorsche Taycan Turbo S,,,
HyundaiIONIQ 3 42.2 kWh(MY27)Hyundai IONIQ 3 42.2 kWh,,,
OpelGrandland Electric 73 kWhOpel Grandland Electric 73 kWh,,,
VolkswagenID.7 86 kWh(MY27)Volkswagen ID.7 86 kWh,,,
OpelCorsa Electric 54 kWh(MY25)Opel Corsa Electric 54 kWh,,,
BYDHANBYD HAN,,,
LeapmotorB05 56.2 kWhLeapmotor B05 56.2 kWh,,,
TeslaModel 3 Standard Range Plus(CATL 6C)Tesla Model 3 Standard Range Plus,,,
Polestar5 Dual MotorPolestar 5 Dual Motor,,,
NissanLEAF e+ 62 kWh(MY23-25)Nissan LEAF e+ 62 kWh,,,
OpelFrontera Electric 44 kWhOpel Frontera Electric 44 kWh,,,
CadillacLYRIQ 600 E4(MY24)Cadillac LYRIQ 600 E4,,,
KiaEV6 Long Range 2WDKia EV6 Long Range 2WD,,,
Polestar2 Long Range Single Motor(MY21-22)Polestar 2 Long Range Single Motor,,,
MazdaMX-30Mazda MX-30,,,
Zeekr001 Performance AWD(MY24)Zeekr 001 Performance AWD,,,
KiaEV3 Long Range(MY27)Kia EV3 Long Range,,,
KiaEV4 Hatchback 81.4 kWh GT(MY27)Kia EV4 Hatchback 81.4 kWh GT,,,
TeslaModel X PlaidTesla Model X Plaid,,,
JeepCompass Electric 4xeJeep Compass Electric 4xe,,,
CUPRARaval VZ(MY27)CUPRA Raval VZ,,,
VolkswagenID. Buzz NWB ProVolkswagen ID. Buzz NWB Pro,,,
RenaultZoe ZE50 R135Renault Zoe ZE50 R135,,,
SmartEQ fortwo coupeSmart EQ fortwo coupe,,,
ŠkodaEnyaq 85(MY24)Skoda Enyaq 85,,,
HyundaiKona Electric 48.6 kWh(MY26)Hyundai Kona Electric 48.6 kWh,,,
FordPuma Gen-E(MY26)Ford Puma Gen-E,,,
Mercedes-BenzGLC 250Mercedes-Benz GLC 250,,,
Mercedes-BenzEQS SUV 450+Mercedes-Benz EQS SUV 450+,,,
BMWi4 eDrive40BMW i4 eDrive40,,,
KGMTorres EVX 80.6 kWh(MY26)KGM Torres EVX 80.6 kWh,,,
LexusRZ 350e(MY26)Lexus RZ 350e,,,
Smart#1 Pro+(MY23)Smart #1 Pro+,,,
Smart#5 Brabus(MY25)Smart #5 Brabus,,,
VolkswagenID.3 ProVolkswagen ID.3 Pro,,,
TeslaModel 3 Long Range RWDTesla Model 3 Long Range RWD,,,
ZeekrX Long Range RWD(MY26)Zeekr X Long Range RWD,,,
ToyotabZ4X FWD(MY22-24)Toyota bZ4X FWD,,,
ToyotaProace Verso L 75 kWhToyota Proace Verso L 75 kWh,,,
TeslaModel S PerformanceTesla Model S Performance,,,
Peugeote-208 51 kWh(MY24)Peugeot e-208 51 kWh,,,
Polestar4 Long Range Single Motor(MY24-26)Polestar 4 Long Range Single Motor,,,
VolvoES90 Twin Motor(MY26-27)Volvo ES90 Twin Motor,,,
Audie-tron GT quattroAudi e-tron GT quattro,,,
MGCyberster GTMG Cyberster GT,,,
TeslaModel S Long RangeTesla Model S Long Range,,,
MitsubishiEclipse Cross 87 kWh(MY26)Mitsubishi Eclipse Cross 87 kWh,,,
XPENGL03 AWD PerformanceXPENG L03 AWD Performance,,,
VolvoEX30 Twin Motor Performance(MY24-26)Volvo EX30 Twin Motor Performance,,,
FordExplorer Extended Range RWD(MY26)Ford Explorer Extended Range RWD,,,
Mercedes-BenzGLC 300 4MATICMercedes-Benz GLC 300 4MATIC,,,
MGMGS6 EV Dual Motor 77 kWhMG MGS6 EV Dual Motor 77 kWh,,,
BYDSEAL 82.5 kWh AWD Excellence(MY26)BYD SEAL 82.5 kWh AWD Excellence,,,
Peugeote-5008 97 kWh Long RangePeugeot e-5008 97 kWh Long Range,,,
VolkswagenID.3 Pure(MY24-26)Volkswagen ID.3 Pure,,,
TeslaModel S 85Tesla Model S 85,,,
VolkswagenID.4 Pure(MY27)Volkswagen ID.4 Pure,,,
MGMG4 Premium Long Range(MY26)MG MG4 Premium Long Range,,,
VolkswagenID.4 1stVolkswagen ID.4 1st,,,
SubaruSolterra AWD(MY22-25)Subaru Solterra AWD,,,
RenaultTwingo ElectricRenault Twingo Electric,,,
VolvoEX60 P6(MY27)Volvo EX60 P6,,,
LeapmotorC10 RWD 81.9 kWhLeapmotor C10 RWD 81.9 kWh,,,
XPENGL03 RWD Standard RangeXPENG L03 RWD Standard Range,,,
Rolls-RoyceSpectre(MY24-26)Rolls-Royce Spectre,,,
HongqiEH7 111 kWh Long RangeHongqi EH7 111 kWh Long Range,,,
BMWi5 eDrive40 Sedan(MY25)BMW i5 eDrive40 Sedan,,,
OpelCorsa Electric 51 kWh(MY24)Opel Corsa Electric 51 kWh,,,
Mercedes-BenzCLA 250Mercedes-Benz CLA 250,,,
OpelAstra Electric(MY23-25)Opel Astra Electric,,,
Mercedes-BenzEQV 300 LongMercedes-Benz EQV 300 Long,,,
AlpineA290 Electric 220 hpAlpine A290 Electric 220 hp,,,
SubaruUncharted 77 kWh AWD(MY26)Subaru Uncharted 77 kWh AWD,,,
CUPRARaval 85 kW - 37 kWh(MY27)CUPRA Raval 85 kW - 37 kWh,,,
PorscheMacan Electric(MY25)Porsche Macan Electric,,,
BMWi4 M60 xDriveBMW i4 M60 xDrive,,,
KiaEV6 GTKia EV6 GT,,,
HyundaiIONIQ 6 N(MY26)Hyundai IONIQ 6 N,,,
TeslaModel 3 Long Range RWD(Highland)Tesla Model 3 Long Range RWD,,,
OpelCorsa-e(MY20-21)Opel Corsa-e,,,
TeslaModel X Dual MotorTesla Model X Dual Motor,,,
ToyotaUrban Cruiser 61.1 kWhToyota Urban Cruiser 61.1 kWh,,,
Nissane-NV200 EvaliaNissan e-NV200 Evalia,,,
Polestar4 Long Range Dual Motor(MY24-26)Polestar 4 Long Range Dual Motor,,,
MGIM6 Long RangeMG IM6 Long Range,,,
PorscheTaycanPorsche Taycan,,,
BYDSEALION 7 82.5 kWh AWD DesignBYD SEALION 7 82.5 kWh AWD Design,,,
CitroënC5 Aircross Comfort RangeCitroen C5 Aircross Comfort Range,,,
MGMarvel RMG Marvel R,,,
ZeekrX Long Range RWD(MY25)Zeekr X Long Range RWD,,,
BMWi5 M60 xDrive Sedan(MY23-24)BMW i5 M60 xDrive Sedan,,,
DongfengBox 31.4 kWhDongfeng Box 31.4 kWh,,,
Polestar2 Long Range Single Motor(MY26)Polestar 2 Long Range Single Motor,,,
XPENGP7 RWD Long RangeXPENG P7 RWD Long Range,,,
LexusRZ 500e(MY26)Lexus RZ 500e,,,
DaciaSpring Electric 100Dacia Spring Electric 100,,,
CUPRATavascan VZCUPRA Tavascan VZ,,,
TeslaModel S 75Tesla Model S 75,,,
MGMG4 Premium Extended Range(MY26)MG MG4 Premium Extended Range,,,
Mercedes-BenzEQE 350+(MY24)Mercedes-Benz EQE 350+,,,
LucidGravity Grand Touring(MY26-27)Lucid Gravity Grand Touring,,,
Mercedes-BenzEQE 300(MY25)Mercedes-Benz EQE 300,,,
PorscheTaycan 4SPorsche Taycan 4S,,,
VolvoXC40 Recharge Single Motor ER(MY24)Volvo XC40 Recharge Single Motor ER,,,
HyundaiIONIQ 6 84 kWh AWD(MY26)Hyundai IONIQ 6 84 kWh AWD,,,
Mercedes-BenzAMG GT 4-Door Coupé 63 4MATIC+Mercedes-Benz AMG GT 4-Door Coupe 63 4MATIC+,,,
KiaEV6 Long Range AWDKia EV6 Long Range AWD,,,
KiaEV4 Hatchback 81.4 kWh AWD(MY27)Kia EV4 Hatchback 81.4 kWh AWD,,,
VolkswagenID.3 Pro(MY24-26)Volkswagen ID.3 Pro,,,
ToyotaHilux Electric 59.2 kWhToyota Hilux Electric 59.2 kWh,,,
TeslaModel X Long RangeTesla Model X Long Range,,,
HyundaiINSTER Standard RangeHyundai INSTER Standard Range,,,
VolkswagenID.3 Pro PerformanceVolkswagen ID.3 Pro Performance,,,
XPENGP7+ AWD Performance(MY26)XPENG P7+ AWD Performance,,,
Mercedes-BenzEQS AMG 53 4MATIC+Mercedes-Benz EQS AMG 53 4MATIC+,,,
Peugeote-208(MY22)Peugeot e-208,,,
BMWi4 eDrive35BMW i4 eDrive35,,,
Mercedes-BenzB 250eMercedes-Benz B 250e,,,
LotusEletreLotus Eletre,,,
BMWi4 eDrive35BMW i4 eDrive35,,,
BYDSEAL 82.5 kWh RWD Design(MY23-25)BYD SEAL 82.5 kWh RWD Design,,,
Alfa RomeoJunior Elettrica 54 kWhAlfa Romeo Junior Elettrica 54 kWh,,,
Mercedes-BenzEQE SUV 350+(MY23-24)Mercedes-Benz EQE SUV 350+,,,
Citroënë-C4Citroen e-C4,,,
OpelMokka-e 50 kWhOpel Mokka-e 50 kWh,,,
HyundaiKona Electric 39 kWh(MY22-23)Hyundai Kona Electric 39 kWh,,,
HyundaiKona Electric 64.8 kWh(MY26)Hyundai Kona Electric 64.8 kWh,,,
KiaEV3 Long Range AWD(MY27)Kia EV3 Long Range AWD,,,
BMWiX1 xDrive30(MY26)BMW iX1 xDrive30,,,
VolkswagenID. Buzz ProVolkswagen ID. Buzz Pro,,,
VolkswagenID.4 Pure(MY24-25)Volkswagen ID.4 Pure,,,
BYDSEAL 61.4 kWh RWD Comfort(MY23-25)BYD SEAL 61.4 kWh RWD Comfort,,,
BMWi3 60 AhBMW i3 60 Ah,,,
TeslaModel S P85DTesla Model S P85D,,,
MazdaMX-30Mazda MX-30,,,
Polestar2 Long Range Single Motor(MY24)Polestar 2 Long Range Single Motor,,,
BYDDOLPHIN 44.9 kWh Active(MY24)BYD DOLPHIN 44.9 kWh Active,,,
LeapmotorC10 RWD 69.9 kWhLeapmotor C10 RWD 69.9 kWh,,,
DS AutomobilesN°7 FWD Long RangeDS Automobiles N°7 FWD Long Range,,,
VolvoEX40 Single Motor ER(MY25)Volvo EX40 Single Motor ER,,,
Polestar4 Coupé Rear Motor(MY27)Polestar 4 Coupe Rear Motor,,,
BMWiX2 eDrive20(MY23-25)BMW iX2 eDrive20,,,
ToyotabZ4X FWD 73.1 kWh(MY25)Toyota bZ4X FWD 73.1 kWh,,,
OpelAmpera-eOpel Ampera-e,,,
AudiQ6 SUV e-tron(MY24)Audi Q6 SUV e-tron,,,
VolkswagenID. Buzz LWB GTXVolkswagen ID. Buzz LWB GTX,,,
TeslaModel X Plaid(MY26)Tesla Model X Plaid,,,
Volkswagene-GolfVolkswagen e-Golf,,,
MGMG4 Electric XPOWER(MY23-25)MG MG4 Electric XPOWER,,,
AudiQ6 SUV e-tron quattro(MY26)Audi Q6 SUV e-tron quattro,,,
ToyotaC-HR+ 77 kWh AWD(MY26)Toyota C-HR+ 77 kWh AWD,,,
Kiae-Soul 64 kWhKia e-Soul 64 kWh,,,
MaxusMIFA 9Maxus MIFA 9,,,
PorscheMacan 4 Electric(MY24-25)Porsche Macan 4 Electric,,,
FordExplorer Extended Range AWD(MY24-25)Ford Explorer Extended Range AWD,,,
FordCapri Extended Range RWD(MY26)Ford Capri Extended Range RWD,,,
BYDATTO 2 45.12 kWhBYD ATTO 2 45.12 kWh,,,
AudiQ4 e-tron 40(MY25-26)Audi Q4 e-tron 40,,,
JeepCompass Electric 74 kWhJeep Compass Electric 74 kWh,,,
HyundaiIONIQ 5 Long Range 2WD(MY21)Hyundai IONIQ 5 Long Range 2WD,,,
KGMMusso EV 4WD(MY25)KGM Musso EV 4WD,,,
NissanLEAF 40 kWh(MY23-25)Nissan LEAF 40 kWh,,,
KiaEV6 Standard Range 2WDKia EV6 Standard Range 2WD,,,
VolvoES90 Single Motor(MY26-27)Volvo ES90 Single Motor,,,
CUPRARaval 99 kW - 37 kWh(MY27)CUPRA Raval 99 kW - 37 kWh,,,
TeslaModel X P100DTesla Model X P100D,,,
CUPRATavascan EnduranceCUPRA Tavascan Endurance,,,
Mercedes-BenzEQS SUV 450 4MATICMercedes-Benz EQS SUV 450 4MATIC,,,
VolkswagenID.7 Tourer 59 kWh(MY27)Volkswagen ID.7 Tourer 59 kWh,,,
KiaEV4 Hatchback 58.3 kWh(MY27)Kia EV4 Hatchback 58.3 kWh,,,
Forde-Tourneo CourierFord e-Tourneo Courier,,,
VolkswagenID.4 Pro(MY26)Volkswagen ID.4 Pro,,,
LexusUX 300eLexus UX 300e,,,
VolkswagenID.4 ProVolkswagen ID.4 Pro,,,
AudiA6 Avant e-tron quattro(MY25)Audi A6 Avant e-tron quattro,,,
PorscheCayenne Turbo Electric(MY26)Porsche Cayenne Turbo Electric,,,
TeslaModel 3 PerformanceTesla Model 3 Performance,,,
MGMG4 Electric 77 kWh(MY23-25)MG MG4 Electric 77 kWh,,,
Polestar4 Coupé Dual Motor(MY27)Polestar 4 Coupe Dual Motor,,,
VolkswagenID. Buzz LWB ProVolkswagen ID. Buzz LWB Pro,,,
HyundaiIONIQ 5 Long Range 2WD(MY22)Hyundai IONIQ 5 Long Range 2WD,,,
FordMustang Mach-E ER RWD(MY24)Ford Mustang Mach-E ER RWD,,,
AudiQ4 e-tron performance(MY27)Audi Q4 e-tron performance,,,
BMWi3 94 AhBMW i3 94 Ah,,,
SubaruUncharted 77 kWh(MY26)Subaru Uncharted 77 kWh,,,
Mercedes-BenzEQS 450+Mercedes-Benz EQS 450+,,,
RenaultKangoo E-Tech ElectricRenault Kangoo E-Tech Electric,,,
Mercedes-BenzCLA Shooting Brake 200Mercedes-Benz CLA Shooting Brake 200,,,
ŠkodaEnyaq iV 80x(MY21-23)Skoda Enyaq iV 80x,,,
BMWiX2 eDrive20(MY26)BMW iX2 eDrive20,,,
DS AutomobilesN°8 AWD Long RangeDS Automobiles N°8 AWD Long Range,,,
KiaEV3 GT(MY27)Kia EV3 GT,,,
VolvoXC40 Recharge Pure Electric(MY22)Volvo XC40 Recharge Pure Electric,,,
VolvoEX90 Twin Motor(MY24-25)Volvo EX90 Twin Motor,,,
Renault5 E-Tech 40kWh 95hpRenault 5 E-Tech 40kWh 95hp,,,
Mercedes-BenzCLA Shooting Brake 350 4MATICMercedes-Benz CLA Shooting Brake 350 4MATIC,,,
TeslaModel S 70DTesla Model S 70D,,,
HyundaiIONIQ 5 Standard Range 2WD(MY21)Hyundai IONIQ 5 Standard Range 2WD,,,
LexusRZ 450e(MY23-25)Lexus RZ 450e,,,
Peugeote-3008 73 kWh Dual MotorPeugeot e-3008 73 kWh Dual Motor,,,
Mercedes-BenzEQE 350 4MATIC(MY25)Mercedes-Benz EQE 350 4MATIC,,,
GeelyEX5 Max+Geely EX5 Max+,,,
AudiQ6 SUV e-tron performance(MY24)Audi Q6 SUV e-tron performance,,,
AudiA6 Avant e-tron(MY25)Audi A6 Avant e-tron,,,
BMWi5 eDrive40 Touring(MY25)BMW i5 eDrive40 Touring,,,
Rolls-RoyceSpectre Series II(MY27)Rolls-Royce Spectre Series II,,,
ŠkodaPeaq 60(MY27)Skoda Peaq 60,,,
AudiQ4 e-tron 50 quattro(MY21-23)Audi Q4 e-tron 50 quattro,,,
DS AutomobilesN°7 FWDDS Automobiles N°7 FWD,,,
FordFocus ElectricFord Focus Electric,,,
TeslaModel 3 Long Range RWDTesla Model 3 Long Range RWD,,,
NissanAriya 63kWhNissan Ariya 63kWh,,,
Abarth500e HatchbackAbarth 500e Hatchback,,,
LanciaYpsilon(MY24)Lancia Ypsilon,,,
DaciaSpring Electric 45Dacia Spring Electric 45,,,
AudiRS e-tron GTAudi RS e-tron GT,,,
XPENGP7+ RWD Standard Range(MY26)XPENG P7+ RWD Standard Range,,,
OpelAstra Electric 58 kWh(MY26)Opel Astra Electric 58 kWh,,,
NIOET5 Long RangeNIO ET5 Long Range,,,
ŠkodaEnyaq Coupe RS(MY27)Skoda Enyaq Coupe RS,,,
ŠkodaEnyaq 60(MY25)Skoda Enyaq 60,,,
TeslaModel 3 Long Range AWD(Highland)Tesla Model 3 Long Range AWD,,,
BYDSEAL 61.4 kWh RWD Comfort(MY26)BYD SEAL 61.4 kWh RWD Comfort,,,
PorscheTaycan GTSPorsche Taycan GTS,,,
VolkswagenID.3 Neo 50 kWh(MY27)Volkswagen ID.3 Neo 50 kWh,,,
NissanLEAF e+ 62 kWh(MY19-22)Nissan LEAF e+ 62 kWh,,,
BYDTANGBYD TANG,,,
VolvoEX60 Cross Country P10 AWD(MY28)Volvo EX60 Cross Country P10 AWD,,,
Smart#3 Premium(MY24)Smart #3 Premium,,,
XPENGG6 RWD Long Range(MY24)XPENG G6 RWD Long Range,,,
LexusES 500e DIRECT 4(MY26)Lexus ES 500e DIRECT 4,,,
FordMustang Mach-E ER RWD(MY21)Ford Mustang Mach-E ER RWD,,,
VolvoC40 Recharge Twin Motor(MY24)Volvo C40 Recharge Twin Motor,,,
Mercedes-BenzEQE 350+(MY25)Mercedes-Benz EQE 350+,,,
TeslaModel S P90DTesla Model S P90D,,,
Kiae-Niro 64 kWhKia e-Niro 64 kWh,,,
Peugeote-2008(MY22-23)Peugeot e-2008,,,
VolkswagenID.7 GTX(MY26)Volkswagen ID.7 GTX,,,
DaciaSpring Electric 45Dacia Spring Electric 45,,,
Abarth500e ConvertibleAbarth 500e Convertible,,,
Smart#5 Summit Edition(MY25)Smart #5 Summit Edition,,,
AlpineA390 GTAlpine A390 GT,,,
ŠkodaEnyaq Coupe 85(MY27)Skoda Enyaq Coupe 85,,,
JeepCompass Electric Long RangeJeep Compass Electric Long Range,,,
Kiae-Niro 64 kWhKia e-Niro 64 kWh,,,
FordExplorer Standard Range RWD(MY26)Ford Explorer Standard Range RWD,,,
FordExplorer Extended Range RWD(MY27)Ford Explorer Extended Range RWD,,,
BMWiX M60BMW iX M60,,,
Mercedes-BenzEQS 500 4MATIC(MY26)Mercedes-Benz EQS 500 4MATIC,,,
JaguarI-Pace EV400Jaguar I-Pace EV400,,,
FordCapri Extended Range AWD(MY25)Ford Capri Extended Range AWD,,,
LeapmotorB10 56.2 kWhLeapmotor B10 56.2 kWh,,,
Volkswagene-Up!Volkswagen e-Up!,,,
RenaultMegane E-Tech EV40 130hpRenault Megane E-Tech EV40 130hp,,,
CUPRABorn VZ(MY27)CUPRA Born VZ,,,
KiaEV6 GTKia EV6 GT,,,
CUPRABorn 140 kW - 58 kWh(MY27)CUPRA Born 140 kW - 58 kWh,,,
VolkswagenID.4 GTXVolkswagen ID.4 GTX,,,
PorscheTaycan 4SPorsche Taycan 4S,,,
VolvoXC40 Recharge Pure Electric(MY23)Volvo XC40 Recharge Pure Electric,,,
Seres3Seres 3,,,
MiniCooper EMini Cooper E,,,
ToyotaProace Verso M 75 kWhToyota Proace Verso M 75 kWh,,,
TeslaModel Y Long Range AWD Launch Series(Juniper)Tesla Model Y Long Range AWD Launch Series,,,
VolkswagenID.7 Tourer 77 kWh(MY27)Volkswagen ID.7 Tourer 77 kWh,,,
VolkswagenID.7 Pro S(MY24-25)Volkswagen ID.7 Pro S,,,
Mercedes-BenzEQS 580 4MATICMercedes-Benz EQS 580 4MATIC,,,
VolkswagenID.4 Pure(MY26)Volkswagen ID.4 Pure,,,
LotusEmeyaLotus Emeya,,,
JaguarI-Pace EV400Jaguar I-Pace EV400,,,
MGMarvel R PerformanceMG Marvel R Performance,,,
VolvoEC40 Single Motor ER(MY25)Volvo EC40 Single Motor ER,,,
AudiA6 Sportback e-tron quattro(MY25)Audi A6 Sportback e-tron quattro,,,
VolvoC40 Recharge Pure Electric(MY23)Volvo C40 Recharge Pure Electric,,,
Smart#1 Brabus(MY23)Smart #1 Brabus,,,
VolkswagenID.3 Pro S(MY24-25)Volkswagen ID.3 Pro S,,,
AudiS6 Avant e-tron(MY25)Audi S6 Avant e-tron,,,
OpelGrandland Electric 97 kWhOpel Grandland Electric 97 kWh,,,
Polestar2 Long Range Dual Motor(MY26)Polestar 2 Long Range Dual Motor,,,
KiaEV9 99.8 kWh RWDKia EV9 99.8 kWh RWD,,,
MiniAceman EMini Aceman E,,,
AudiA6 Sportback e-tron(MY25)Audi A6 Sportback e-tron,,,
ToyotaC-HR+ 57.7 kWh(MY26)Toyota C-HR+ 57.7 kWh,,,
MGMG4 XPOWER(MY26)MG MG4 XPOWER,,,
MiniCooper SEMini Cooper SE,,,
MiniAceman SEMini Aceman SE,,,
Zeekr7X Core RWD(MY25)Zeekr 7X Core RWD,,,
ŠkodaEnyaq 60(MY27)Skoda Enyaq 60,,,
VolvoEX90 Twin Motor Performance(MY24-25)Volvo EX90 Twin Motor Performance,,,
Fiat500e 3+1 42 kWhFiat 500e 3+1 42 kWh,,,
Suzukie VITARA 49 kWh 2WDSuzuki e VITARA 49 kWh 2WD,,,
Peugeote-208 GTi(MY26)Peugeot e-208 GTi,,,
Mitsubishii-MiEVMitsubishi i-MiEV,,,
Polestar2(MY20)Polestar 2,,,
HyundaiIONIQ 9 Long Range RWDHyundai IONIQ 9 Long Range RWD,,,
ŠkodaEpiq 40(MY27)Skoda Epiq 40,,,
VolvoXC40 Recharge Single Motor(MY24)Volvo XC40 Recharge Single Motor,,,
BMWi4 xDrive40BMW i4 xDrive40,,,
KiaEV5 81.4 kWh AWD(MY26)Kia EV5 81.4 kWh AWD,,,
GeelyEX5 Pro+Geely EX5 Pro+,,,
VolvoC40 Recharge Single Motor ER(MY24)Volvo C40 Recharge Single Motor ER,,,
BMWiX3(MY21)BMW iX3,,,
SmartEQ forfourSmart EQ forfour,,,
SkywellBE11 Standard RangeSkywell BE11 Standard Range,,,
VolvoEX40 Single Motor(MY26)Volvo EX40 Single Motor,,,
VolvoEX90 Twin Motor Performance(MY26-27)Volvo EX90 Twin Motor Performance,,,
Mercedes-BenzEQB 300 4MATICMercedes-Benz EQB 300 4MATIC,,,
NIOET5 Touring Long RangeNIO ET5 Touring Long Range,,,
VolkswagenID.7 Tourer GTX(MY24-25)Volkswagen ID.7 Tourer GTX,,,
ToyotaProace City Verso L2 50 kWhToyota Proace City Verso L2 50 kWh,,,
TeslaModel X AWD(MY26)Tesla Model X AWD,,,
AudiSQ6 SUV e-tron(MY24)Audi SQ6 SUV e-tron,,,
KiaEV5 81.4 kWh GT(MY26)Kia EV5 81.4 kWh GT,,,
FiskerOcean OneFisker Ocean One,,,
VolkswagenID.7 Tourer GTX(MY26)Volkswagen ID.7 Tourer GTX,,,
Mercedes-BenzEQS 580 4MATIC(MY26)Mercedes-Benz EQS 580 4MATIC,,,
KiaEV9 99.8 kWh AWD GT-LineKia EV9 99.8 kWh AWD GT-Line,,,
VolkswagenID.5 Pro(MY24-25)Volkswagen ID.5 Pro,,,
PorscheTaycan Turbo GTPorsche Taycan Turbo GT,,,
NIOEL8 Long RangeNIO EL8 Long Range,,,
FordMustang Mach-E GT(MY25)Ford Mustang Mach-E GT,,,
VolkswagenID.7 Tourer Pro S(MY26)Volkswagen ID.7 Tourer Pro S,,,
Mercedes-BenzEQV 300 Extra-LongMercedes-Benz EQV 300 Extra-Long,,,
HyundaiKona Electric 48 kWh(MY24-25)Hyundai Kona Electric 48 kWh,,,
Alfa RomeoJunior Elettrica 54 kWh VeloceAlfa Romeo Junior Elettrica 54 kWh Veloce,,,
BMWi7 eDrive50(MY23-26)BMW i7 eDrive50,,,
Mercedes-BenzEQE SUV 350 4MATIC(MY23-24)Mercedes-Benz EQE SUV 350 4MATIC,,,
MGIM5 PerformanceMG IM5 Performance,,,
Citroënë-C3 Urban Range 30 kWhCitroen e-C3 Urban Range 30 kWh,,,
PorscheMacan Electric(MY26)Porsche Macan Electric,,,
VolkswagenID.4 GTX(MY24-25)Volkswagen ID.4 GTX,,,
VolvoXC40 P8 AWD Recharge(MY21)Volvo XC40 P8 AWD Recharge,,,
ŠkodaElroq 50(MY25)Skoda Elroq 50,,,
TOGGT10X Standard Range RWDTOGG T10X Standard Range RWD,,,
TeslaModel X 90DTesla Model X 90D,,,
AudiQ4 e-tron 35(MY21-23)Audi Q4 e-tron 35,,,
BMWiX2 xDrive30(MY23-25)BMW iX2 xDrive30,,,
VolkswagenID.7 Tourer Pro(MY24-25)Volkswagen ID.7 Tourer Pro,,,
Peugeote-308 58 kWh(MY26)Peugeot e-308 58 kWh,,,
Mercedes-BenzEQE 350+(MY22-23)Mercedes-Benz EQE 350+,,,
Citroënë-C4 XCitroen e-C4 X,,,
PorscheCayenne Coupé Electric(MY26)Porsche Cayenne Coupe Electric,,,
RenaultZoe Q210Renault Zoe Q210,,,
Zeekr001 Privilege AWD(MY24)Zeekr 001 Privilege AWD,,,
Citroënë-C4 54 kWhCitroen e-C4 54 kWh,,,
NissanLEAF 24 kWh(MY14-17)Nissan LEAF 24 kWh,,,
OpelAstra Sports Tourer Electric(MY23-25)Opel Astra Sports Tourer Electric,,,
AudiQ4 e-tron 55 quattro(MY24-25)Audi Q4 e-tron 55 quattro,,,
VolkswagenID.4 Pro 4MOTION(MY24-25)Volkswagen ID.4 Pro 4MOTION,,,
HongqiE-HS9 120 kWhHongqi E-HS9 120 kWh,,,
PorscheTaycan Turbo SPorsche Taycan Turbo S,,,
LotusEletre 600Lotus Eletre 600,,,
AudiQ4 e-tron(MY27)Audi Q4 e-tron,,,
RenaultZoe R240Renault Zoe R240,,,
FordCapri Extended Range RWD(MY25)Ford Capri Extended Range RWD,,,
VolkswagenID.5 Pro(MY27)Volkswagen ID.5 Pro,,,
VolkswagenID.4 PureVolkswagen ID.4 Pure,,,
Mercedes-BenzEQA 300 4MATICMercedes-Benz EQA 300 4MATIC,,,
Citroënë-C4 X 54 kWhCitroen e-C4 X 54 kWh,,,
LexusUX 300eLexus UX 300e,,,
BMWiX M70 xDriveBMW iX M70 xDrive,,,
ŠkodaEnyaq 85x(MY26)Skoda Enyaq 85x,,,
RenaultKangoo Maxi ZE 33Renault Kangoo Maxi ZE 33,,,
Peugeote-2008(MY20-21)Peugeot e-2008,,,
DS AutomobilesDS 3 E-TenseDS Automobiles DS 3 E-Tense,,,
VinFastVF 6 EcoVinFast VF 6 Eco,,,
Audie-tron 55 quattroAudi e-tron 55 quattro,,,
Kiae-Soul 64 kWhKia e-Soul 64 kWh,,,
VolkswagenID.3 ProVolkswagen ID.3 Pro,,,
HyundaiKona Electric 64 kWh(MY18-19)Hyundai Kona Electric 64 kWh,,,
BMWi3s 120 AhBMW i3s 120 Ah,,,
BMWi4 M50BMW i4 M50,,,
VolkswagenID.3 Pro S(MY26)Volkswagen ID.3 Pro S,,,
ŠkodaEnyaq 85x(MY27)Skoda Enyaq 85x,,,
SmartForTwo Electric DriveSmart ForTwo Electric Drive,,,
CUPRABorn VZ(MY25-26)CUPRA Born VZ,,,
ToyotabZ4X FWD 57.7 kWh(MY25)Toyota bZ4X FWD 57.7 kWh,,,
ZeekrX Privilege AWD(MY26)Zeekr X Privilege AWD,,,
Fiat500e Cabrio 42 kWhFiat 500e Cabrio 42 kWh,,,
MGMGS5 EV 49 kWhMG MGS5 EV 49 kWh,,,
FordCapri Extended Range RWD(MY27)Ford Capri Extended Range RWD,,,
Mercedes-BenzEQS 350Mercedes-Benz EQS 350,,,
XPENGG9 RWD Long Range(MY24)XPENG G9 RWD Long Range,,,
VolkswagenID.7 Tourer GTX(MY27)Volkswagen ID.7 Tourer GTX,,,
KiaEV3 Standard Range(MY27)Kia EV3 Standard Range,,,
Mercedes-BenzEQA 250Mercedes-Benz EQA 250,,,
Mercedes-BenzEQS SUV Maybach 680Mercedes-Benz EQS SUV Maybach 680,,,
Polestar3 Dual Motor(MY26)Polestar 3 Dual Motor,,,
AudiRS e-tron GTAudi RS e-tron GT,,,
VolvoEC40 Twin Motor(MY26)Volvo EC40 Twin Motor,,,
GenesisGV60 Performance(MY25)Genesis GV60 Performance,,,
VolvoEX30 P5(MY27)Volvo EX30 P5,,,
RenaultZoe ZE40 R110Renault Zoe ZE40 R110,,,
Citroënë-C3 Aircross Comfort Range 44 kWhCitroen e-C3 Aircross Comfort Range 44 kWh,,,
Mercedes-BenzEQE 500 4MATIC(MY25)Mercedes-Benz EQE 500 4MATIC,,,
VolkswagenID.7 77 kWh(MY27)Volkswagen ID.7 77 kWh,,,
Citroënë-C4 X 54 kWhCitroen e-C4 X 54 kWh,,,
LucidAir Pure RWD(MY26)Lucid Air Pure RWD,,,
VolvoEX30 P3(MY27)Volvo EX30 P3,,,
CUPRATavascan 210 kW - 77 kWh Endurance(MY27)CUPRA Tavascan 210 kW - 77 kWh Endurance,,,
XPENGG9 AWD Performance(MY24)XPENG G9 AWD Performance,,,
Polestar2 Standard Range Single Motor(MY26)Polestar 2 Standard Range Single Motor,,,
Polestar2 Long Range Performance(MY26)Polestar 2 Long Range Performance,,,
Mitsubishii-MiEVMitsubishi i-MiEV,,,
Polestar3 Long Range Dual motor(MY23-25)Polestar 3 Long Range Dual motor,,,
FordMustang Mach-E ER RWD(MY25)Ford Mustang Mach-E ER RWD,,,
VolvoEX90 Twin Motor(MY26-27)Volvo EX90 Twin Motor,,,
Mercedes-BenzEQS 400(MY26)Mercedes-Benz EQS 400,,,
AudiQ8 SUV e-tron 50 quattroAudi Q8 SUV e-tron 50 quattro,,,
VinFastVF 8 Eco Extended RangeVinFast VF 8 Eco Extended Range,,,
NIOEL6 Long RangeNIO EL6 Long Range,,,
DS AutomobilesN°8 FWD Long RangeDS Automobiles N°8 FWD Long Range,,,
SubaruSolterra AWD 73.1 kWh(MY26)Subaru Solterra AWD 73.1 kWh,,,
FordExplorer Extended Range AWD(MY26)Ford Explorer Extended Range AWD,,,
PorscheTaycan 4S Plus Sport TurismoPorsche Taycan 4S Plus Sport Turismo,,,
Suzukie VITARA 61 kWh 4WD AllGripSuzuki e VITARA 61 kWh 4WD AllGrip,,,
SEATMii ElectricSEAT Mii Electric,,,
AiwaysU5Aiways U5,,,
VolvoXC40 Recharge Twin Motor(MY24)Volvo XC40 Recharge Twin Motor,,,
Peugeote-408 58 kWh(MY25)Peugeot e-408 58 kWh,,,
OpelCorsa Electric 50 kWh(MY25)Opel Corsa Electric 50 kWh,,,
SubaruUncharted 57.7 kWh(MY26)Subaru Uncharted 57.7 kWh,,,
PorscheTaycan TurboPorsche Taycan Turbo,,,
Mercedes-BenzEQA 300 4MATICMercedes-Benz EQA 300 4MATIC,,,
VolvoEX40 Single Motor(MY25)Volvo EX40 Single Motor,,,
VolvoES90 Twin Motor Performance(MY26-27)Volvo ES90 Twin Motor Performance,,,
CUPRABorn 170 kW - 79 kWh(MY25-26)CUPRA Born 170 kW - 79 kWh,,,
GWMORA 07 GTGWM ORA 07 GT,,,
KiaEV4 Hatchback 58.3 kWh(MY25-26)Kia EV4 Hatchback 58.3 kWh,,,
KiaEV9 99.8 kWh AWD GTKia EV9 99.8 kWh AWD GT,,,
NissanMicra Standard Range 40 kWhNissan Micra Standard Range 40 kWh,,,
AlpineA390 GTSAlpine A390 GTS,,,
OpelAstra Sports Tourer Electric 58 kWh(MY26)Opel Astra Sports Tourer Electric 58 kWh,,,
ŠkodaEnyaq RS(MY27)Skoda Enyaq RS,,,
BMWi3 94 AhBMW i3 94 Ah,,,
OpelCombo-e Life 50 kWhOpel Combo-e Life 50 kWh,,,
Kiae-Soul 64 kWhKia e-Soul 64 kWh,,,
Smart#3 Brabus(MY24)Smart #3 Brabus,,,
BYDATTO 2 51.1 kWhBYD ATTO 2 51.1 kWh,,,
CUPRATavascan 250 kW - 77 kWh VZ(MY27)CUPRA Tavascan 250 kW - 77 kWh VZ,,,
LotusEletre RLotus Eletre R,,,
KiaEV9 76.1 kWh RWDKia EV9 76.1 kWh RWD,,,
PorscheMacan 4 Electric(MY26)Porsche Macan 4 Electric,,,
AudiQ4 Sportback e-tron performance(MY27)Audi Q4 Sportback e-tron performance,,,
DS AutomobilesN°7 AWD Long RangeDS Automobiles N°7 AWD Long Range,,,
JACE30X 41 kWhJAC E30X 41 kWh,,,
Mercedes-BenzEQB 350 4MATICMercedes-Benz EQB 350 4MATIC,,,
MiniCooper JCWMini Cooper JCW,,,
ŠkodaElroq 85x(MY27)Skoda Elroq 85x,,,
PorscheTaycan 4S PlusPorsche Taycan 4S Plus,,,
VolkswagenID.4 Pro 4MOTION(MY27)Volkswagen ID.4 Pro 4MOTION,,,
Polestar2 Standard Range Single Motor(MY22-23)Polestar 2 Standard Range Single Motor,,,
LexusRZ 300e(MY23-25)Lexus RZ 300e,,,
KGMMusso EV 2WD(MY25)KGM Musso EV 2WD,,,
Smart#1 Premium(MY23)Smart #1 Premium,,,
DaciaSpring Electric 65Dacia Spring Electric 65,,,
MGIM6 PerformanceMG IM6 Performance,,,
VolvoEX30 P3 Long Range(MY27)Volvo EX30 P3 Long Range,,,
FordExplorer Standard Range RWD(MY27)Ford Explorer Standard Range RWD,,,
Citroënë-Berlingo M 50 kWhCitroen e-Berlingo M 50 kWh,,,
Citroënë-Berlingo M 50 kWhCitroen e-Berlingo M 50 kWh,,,
MaseratiGranCabrio FolgoreMaserati GranCabrio Folgore,,,
ŠkodaEnyaq iV 50(MY21-23)Skoda Enyaq iV 50,,,
VolkswagenID.3 Pro SVolkswagen ID.3 Pro S,,,
Mercedes-BenzEQB 350 4MATICMercedes-Benz EQB 350 4MATIC,,,
NIOET7 Long RangeNIO ET7 Long Range,,,
Hondae AdvanceHonda e Advance,,,
NIOET5 Touring Standard RangeNIO ET5 Touring Standard Range,,,
ŠkodaEnyaq 60(MY24)Skoda Enyaq 60,,,
PorscheTaycan PlusPorsche Taycan Plus,,,
XPENGG6 AWD Performance(MY24)XPENG G6 AWD Performance,,,
BMWi7 50 xDrive(MY27)BMW i7 50 xDrive,,,
Lightyear0Lightyear 0,,,
XPENGG6 RWD Standard Range(MY24)XPENG G6 RWD Standard Range,,,
AlpineA290 Electric 180 hpAlpine A290 Electric 180 hp,,,
VoyahCourage 80 kWh AWDVoyah Courage 80 kWh AWD,,,
LexusRZ 550e F SPORT(MY26)Lexus RZ 550e F SPORT,,,
ŠkodaCITIGOe iVSkoda CITIGOe iV,,,
Mercedes-BenzEQE 300(MY23)Mercedes-Benz EQE 300,,,
LucidGravity Touring(MY26-27)Lucid Gravity Touring,,,
VolkswagenID. Buzz NWB Pro(MY27)Volkswagen ID. Buzz NWB Pro,,,
MaseratiGranTurismo FolgoreMaserati GranTurismo Folgore,,,
VolkswagenID.3 GTX(MY24-26)Volkswagen ID.3 GTX,,,
VolvoEX40 Twin Motor(MY26)Volvo EX40 Twin Motor,,,
KiaPV5 Passenger 51.5 kWh(MY27)Kia PV5 Passenger 51.5 kWh,,,
XPENGX9 FWD Standard Range(MY26)XPENG X9 FWD Standard Range,,,
TeslaModel X PerformanceTesla Model X Performance,,,
VolkswagenID.3 GTX Performance(MY24-26)Volkswagen ID.3 GTX Performance,,,
LotusEmeya 600Lotus Emeya 600,,,
JACE30X 51.5 kWhJAC E30X 51.5 kWh,,,
FordMustang Mach-E SR RWD(MY21)Ford Mustang Mach-E SR RWD,,,
LucidAir Grand Touring(MY23-24)Lucid Air Grand Touring,,,
Mercedes-BenzEQA 250+Mercedes-Benz EQA 250+,,,
Peugeote-5008 73 kWh Dual MotorPeugeot e-5008 73 kWh Dual Motor,,,
HyundaiIONIQ 9 Performance AWDHyundai IONIQ 9 Performance AWD,,,
JaguarI-Pace EV400Jaguar I-Pace EV400,,,
DaciaSpring ElectricDacia Spring Electric,,,
Fiat500e Hatchback 24 kWhFiat 500e Hatchback 24 kWh,,,
ElarisBEO 86 kWhElaris BEO 86 kWh,,,
PorscheTaycan Turbo GT WeissachPorsche Taycan Turbo GT Weissach,,,
OpelZafira Electric 50 kWhOpel Zafira Electric 50 kWh,,,
AudiQ6 Sportback e-tron performance(MY25)Audi Q6 Sportback e-tron performance,,,
BMWi5 M60 xDrive Sedan(MY25)BMW i5 M60 xDrive Sedan,,,
KiaSoul EVKia Soul EV,,,
KiaSoul EVKia Soul EV,,,
NissanAriya e-4ORCE 87kWh - 225 kWNissan Ariya e-4ORCE 87kWh - 225 kW,,,
TOGGT10X Long Range AWDTOGG T10X Long Range AWD,,,
HyundaiIONIQ 5 Long Range AWD(MY21)Hyundai IONIQ 5 Long Range AWD,,,
Mercedes-BenzeVito Tourer Long 90 kWhMercedes-Benz eVito Tourer Long 90 kWh,,,
NIOET5 Standard RangeNIO ET5 Standard Range,,,
VolvoEX30 P8 AWD(MY27)Volvo EX30 P8 AWD,,,
AudiQ4 Sportback e-tron 40(MY21-23)Audi Q4 Sportback e-tron 40,,,
Audie-tron 50 quattroAudi e-tron 50 quattro,,,
VolvoEX30 Single Motor(MY24-26)Volvo EX30 Single Motor,,,
MiniCountryman SE ALL4(MY24-25)Mini Countryman SE ALL4,,,
Mercedes-BenzEQS 350Mercedes-Benz EQS 350,,,
BMWi7 60 xDrive(MY27)BMW i7 60 xDrive,,,
CitroënC-ZeroCitroen C-Zero,,,
Mercedes-BenzEQC 400 4MATICMercedes-Benz EQC 400 4MATIC,,,
HyundaiKona Electric 39 kWh(MY20-21)Hyundai Kona Electric 39 kWh,,,
Mercedes-BenzEQA 250Mercedes-Benz EQA 250,,,
Peugeote-308(MY23-25)Peugeot e-308,,,
AudiQ4 Sportback e-tron 35(MY24)Audi Q4 Sportback e-tron 35,,,
RenaultScenic E-Tech EV60 170hp(TU2025)Renault Scenic E-Tech EV60 170hp,,,
CadillacVISTIQ 900 E4(MY26)Cadillac VISTIQ 900 E4,,,
RenaultZoe R90Renault Zoe R90,,,
PorscheTaycan 4 Cross TurismoPorsche Taycan 4 Cross Turismo,,,
OpelCombo Electric 50 kWhOpel Combo Electric 50 kWh,,,
XPENGG9 RWD Standard Range(MY25)XPENG G9 RWD Standard Range,,,
VolkswagenID. Polo 85 kW - 37 kWh(MY27)Volkswagen ID. Polo 85 kW - 37 kWh,,,
MGZS EV Standard RangeMG ZS EV Standard Range,,,
Audie-tron SAudi e-tron S,,,
Smart#5 Pro+(MY25)Smart #5 Pro+,,,
DS AutomobilesN°4 E-Tense(MY25)DS Automobiles N°4 E-Tense,,,
Audie-tron Sportback 55 quattroAudi e-tron Sportback 55 quattro,,,
Peugeote-Expert Combi Long 75 kWhPeugeot e-Expert Combi Long 75 kWh,,,
KGMMusso EV 4WD(MY26)KGM Musso EV 4WD,,,
FordExplorer Extended Range AWD(MY27)Ford Explorer Extended Range AWD,,,
ŠkodaEnyaq Coupe 85x(MY25)Skoda Enyaq Coupe 85x,,,
ŠkodaElroq 85x(MY26)Skoda Elroq 85x,,,
ŠkodaEnyaq Coupe 85(MY24)Skoda Enyaq Coupe 85,,,
Abarth600e Scorpionissima(MY24-25)Abarth 600e Scorpionissima,,,
VolvoEX30 Cross Country(MY25-26)Volvo EX30 Cross Country,,,
VolkswagenID.7 Pro S(MY26)Volkswagen ID.7 Pro S,,,
CUPRATavascan 140 kW - 58 kWh(MY27)CUPRA Tavascan 140 kW - 58 kWh,,,
Volkswagene-Up!Volkswagen e-Up!,,,
GenesisGV60 Premium(MY22-24)Genesis GV60 Premium,,,
Mercedes-BenzEQE 500 4MATIC(MY23)Mercedes-Benz EQE 500 4MATIC,,,
PorscheMacan Turbo Electric(MY24-25)Porsche Macan Turbo Electric,,,
Mercedes-BenzEQS 580 4MATICMercedes-Benz EQS 580 4MATIC,,,
AudiS6 Sportback e-tron(MY25)Audi S6 Sportback e-tron,,,
VinFastVF 6 PlusVinFast VF 6 Plus,,,
ŠkodaElroq RS(MY26)Skoda Elroq RS,,,
Peugeote-408 58 kWh(MY26)Peugeot e-408 58 kWh,,,
ŠkodaElroq RS(MY27)Skoda Elroq RS,,,
RenaultZoe R110Renault Zoe R110,,,
FordMustang Mach-E ER AWD(MY21)Ford Mustang Mach-E ER AWD,,,
CUPRABorn 170 kW - 59 kWh(MY25-26)CUPRA Born 170 kW - 59 kWh,,,
AudiQ4 e-tron 35(MY24)Audi Q4 e-tron 35,,,
VolkswagenID.4 GTX(MY27)Volkswagen ID.4 GTX,,,
Nissane-NV200 EvaliaNissan e-NV200 Evalia,,,
NIOET7 Standard RangeNIO ET7 Standard Range,,,
AudiQ8 Sportback e-tron 55 quattroAudi Q8 Sportback e-tron 55 quattro,,,
Peugeote-208 50 kWh(MY24)Peugeot e-208 50 kWh,,,
Mercedes-BenzEQS SUV 580 4MATICMercedes-Benz EQS SUV 580 4MATIC,,,
Peugeote-308 SW 58 kWh(MY26)Peugeot e-308 SW 58 kWh,,,
LucidAir Dream Edition RLucid Air Dream Edition R,,,
DaciaSpring ElectricDacia Spring Electric,,,
NissanTownstar EV PassengerNissan Townstar EV Passenger,,,
VolkswagenID.4 GTX(MY26)Volkswagen ID.4 GTX,,,
TeslaModel X P90DTesla Model X P90D,,,
FordMustang Mach-E ER AWD(MY23)Ford Mustang Mach-E ER AWD,,,
XPENGG9 RWD Standard Range(MY24)XPENG G9 RWD Standard Range,,,
Smart#3 Pro+(MY24)Smart #3 Pro+,,,
BMWiX2 xDrive30(MY26)BMW iX2 xDrive30,,,
Peugeote-208 51 kWh(MY23)Peugeot e-208 51 kWh,,,
Polestar2 Long Range Single Motor(MY25)Polestar 2 Long Range Single Motor,,,
PorscheTaycan GTSPorsche Taycan GTS,,,
ŠkodaEnyaq Coupe 85(MY25)Skoda Enyaq Coupe 85,,,
Polestar5 PerformancePolestar 5 Performance,,,
RenaultZoe Q90Renault Zoe Q90,,,
MGMG5 Electric Standard RangeMG MG5 Electric Standard Range,,,
PorscheTaycan 4 Cross TurismoPorsche Taycan 4 Cross Turismo,,,
FordExplorer Standard Range RWD(MY24-25)Ford Explorer Standard Range RWD,,,
FordMustang Mach-E SR RWD(MY25)Ford Mustang Mach-E SR RWD,,,
ToyotaUrban Cruiser 61.1 kWh AWDToyota Urban Cruiser 61.1 kWh AWD,,,
VolkswagenID.7 GTX(MY27)Volkswagen ID.7 GTX,,,
Volkswagene-Up!Volkswagen e-Up!,,,
VolvoC40 Recharge Twin Pure Electric(MY22-23)Volvo C40 Recharge Twin Pure Electric,,,
AudiQ4 e-tron 55 quattro(MY26)Audi Q4 e-tron 55 quattro,,,
ŠkodaEnyaq Coupe 85x(MY27)Skoda Enyaq Coupe 85x,,,
Mercedes-BenzEQS 500 4MATICMercedes-Benz EQS 500 4MATIC,,,
Volkswagene-Caravelle L2 210 kW 64 kWhVolkswagen e-Caravelle L2 210 kW 64 kWh,,,
MaseratiGrecale Folgore(MY26)Maserati Grecale Folgore,,,
VolkswagenID.3 Pro PerformanceVolkswagen ID.3 Pro Performance,,,
KiaEV6 Standard Range 2WDKia EV6 Standard Range 2WD,,,
Mercedes-BenzEQS SUV 450 4MATICMercedes-Benz EQS SUV 450 4MATIC,,,
GenesisG80 Electrified Luxury(MY22-24)Genesis G80 Electrified Luxury,,,
Polestar2 Long Range Dual Motor(MY24)Polestar 2 Long Range Dual Motor,,,
Citroënë-C4 XCitroen e-C4 X,,,
Renault4 E-Tech 40kWh 120hpRenault 4 E-Tech 40kWh 120hp,,,
Mercedes-BenzEQA 350 4MATICMercedes-Benz EQA 350 4MATIC,,,
GWMORA 03 63 kWhGWM ORA 03 63 kWh,,,
BMWi5 M60 xDrive Touring(MY25)BMW i5 M60 xDrive Touring,,,
Smart#5 Pulse(MY25)Smart #5 Pulse,,,
VolkswagenID. Polo 99 kW - 37 kWh(MY27)Volkswagen ID. Polo 99 kW - 37 kWh,,,
DaciaSpring Electric 65 ExtremeDacia Spring Electric 65 Extreme,,,
Smart#3 Pro(MY24)Smart #3 Pro,,,
Mercedes-BenzEQS AMG 53 4MATIC+Mercedes-Benz EQS AMG 53 4MATIC+,,,
LanciaYpsilon 54 kWh HF(MY25)Lancia Ypsilon 54 kWh HF,,,
TeslaModel S 60Tesla Model S 60,,,
VolkswagenID.5 Pro PerformanceVolkswagen ID.5 Pro Performance,,,
CUPRABorn 170 kW - 77 kWh(MY25-26)CUPRA Born 170 kW - 77 kWh,,,
SkywellBE11 Long RangeSkywell BE11 Long Range,,,
KiaEV4 Fastback 58.3 kWh(MY25-26)Kia EV4 Fastback 58.3 kWh,,,
VolvoEC40 Single Motor ER(MY26)Volvo EC40 Single Motor ER,,,
VolvoEX40 Twin Motor Performance(MY26)Volvo EX40 Twin Motor Performance,,,
VolkswagenID.5 GTX(MY26)Volkswagen ID.5 GTX,,,
HongqiE-HS7 111 kWh Long RangeHongqi E-HS7 111 kWh Long Range,,,
PorscheCayenne S Electric(MY26)Porsche Cayenne S Electric,,,
Audie-tron 55 quattroAudi e-tron 55 quattro,,,
MaseratiGrecale Folgore(MY24-25)Maserati Grecale Folgore,,,
Citroënë-SpaceTourer M 75 kWhCitroen e-SpaceTourer M 75 kWh,,,
ŠkodaEnyaq RS(MY26)Skoda Enyaq RS,,,
PeugeotiOnPeugeot iOn,,,
FiskerOcean ExtremeFisker Ocean Extreme,,,
AudiS e-tron GTAudi S e-tron GT,,,
MiniCountryman SE ALL4(MY26)Mini Countryman SE ALL4,,,
VolkswagenID. Buzz NWB Pure(MY27)Volkswagen ID. Buzz NWB Pure,,,
VolvoXC40 Recharge Twin Pure Electric(MY23)Volvo XC40 Recharge Twin Pure Electric,,,
FordMustang Mach-E ER RWD(MY22)Ford Mustang Mach-E ER RWD,,,
AudiRS e-tron GT performanceAudi RS e-tron GT performance,,,
FordMustang Mach-E ER AWD(MY24)Ford Mustang Mach-E ER AWD,,,
TOGGT10F Long Range AWDTOGG T10F Long Range AWD,,,
Polestar3 Long Range Performance(MY23-25)Polestar 3 Long Range Performance,,,
Mercedes-BenzEQT 200 StandardMercedes-Benz EQT 200 Standard,,,
ŠkodaEnyaq 85x(MY25)Skoda Enyaq 85x,,,
Mercedes-BenzEQE SUV 350 4MATIC(MY25)Mercedes-Benz EQE SUV 350 4MATIC,,,
Volkswagene-Transporter Kombi L2 210 kW 64 kWhVolkswagen e-Transporter Kombi L2 210 kW 64 kWh,,,
PorscheCayenne S Coupé Electric(MY26)Porsche Cayenne S Coupe Electric,,,
FordCapri Standard Range RWD(MY27)Ford Capri Standard Range RWD,,,
DS AutomobilesDS 3 Crossback E-TenseDS Automobiles DS 3 Crossback E-Tense,,,
NIOEL6 Standard RangeNIO EL6 Standard Range,,,
PorscheTaycan Sport TurismoPorsche Taycan Sport Turismo,,,
Mercedes-BenzEQS 450 4MATICMercedes-Benz EQS 450 4MATIC,,,
VolkswagenID.7 59 kWh(MY27)Volkswagen ID.7 59 kWh,,,
Mercedes-BenzEQV 300 LongMercedes-Benz EQV 300 Long,,,
Peugeote-308 SW(MY23-25)Peugeot e-308 SW,,,
Mercedes-BenzEQE SUV 500 4MATIC(MY23-24)Mercedes-Benz EQE SUV 500 4MATIC,,,
Peugeote-208 50 kWh(MY25)Peugeot e-208 50 kWh,,,
TeslaModel S 70Tesla Model S 70,,,
SmartForFour Electric DriveSmart ForFour Electric Drive,,,
RenaultZoe Q90Renault Zoe Q90,,,
BMWi7 M70 xDrive(MY23-26)BMW i7 M70 xDrive,,,
AudiQ4 e-tron 45 quattro(MY24-26)Audi Q4 e-tron 45 quattro,,,
AudiQ4 Sportback e-tron 45(MY24-26)Audi Q4 Sportback e-tron 45,,,
Mercedes-BenzeVito Tourer Long 90 kWhMercedes-Benz eVito Tourer Long 90 kWh,,,
VolkswagenID. Buzz NWB GTXVolkswagen ID. Buzz NWB GTX,,,
MiniAceman JCWMini Aceman JCW,,,
CadillacOPTIQ 500 E4(MY26)Cadillac OPTIQ 500 E4,,,
VoyahDream 108 kWhVoyah Dream 108 kWh,,,
CitroënC-ZeroCitroen C-Zero,,,
VolkswagenID.3 Pure PerformanceVolkswagen ID.3 Pure Performance,,,
TeslaModel X Ludicrous PerformanceTesla Model X Ludicrous Performance,,,
HyundaiIONIQ 5 Project 45(MY21)Hyundai IONIQ 5 Project 45,,,
VolkswagenID.4 GTXVolkswagen ID.4 GTX,,,
ORAFunky Cat 48 kWhORA Funky Cat 48 kWh,,,
LotusEletre 900Lotus Eletre 900,,,
PorscheMacan GTS Electric(MY26)Porsche Macan GTS Electric,,,
BMWi7 M70 xDrive(MY27)BMW i7 M70 xDrive,,,
XPENGP7 AWD PerformanceXPENG P7 AWD Performance,,,
Mercedes-BenzEQS SUV 500 4MATICMercedes-Benz EQS SUV 500 4MATIC,,,
ToyotaProace City Verso L1 50 kWhToyota Proace City Verso L1 50 kWh,,,
MGCyberster TrophyMG Cyberster Trophy,,,
BMWi5 xDrive40 Sedan(MY25)BMW i5 xDrive40 Sedan,,,
NissanLEAF 24 kWh(MY11-13)Nissan LEAF 24 kWh,,,
VolkswagenID.5 GTX(MY24-25)Volkswagen ID.5 GTX,,,
Polestar2 Standard Range Single Motor(MY25)Polestar 2 Standard Range Single Motor,,,
Mercedes-BenzEQV 300 Extra-LongMercedes-Benz EQV 300 Extra-Long,,,
AudiQ6 Sportback e-tron quattro(MY25)Audi Q6 Sportback e-tron quattro,,,
AudiQ4 e-tron quattro performance(MY27)Audi Q4 e-tron quattro performance,,,
Mercedes-BenzEQE 300(MY22-23)Mercedes-Benz EQE 300,,,
AudiQ4 Sportback e-tron 45 quattro(MY24-26)Audi Q4 Sportback e-tron 45 quattro,,,
Smart#5 Pro(MY25)Smart #5 Pro,,,
OpelMokka Electric GSEOpel Mokka Electric GSE,,,
VolvoEX30 Cross Country P8 AWD(MY27)Volvo EX30 Cross Country P8 AWD,,,
Mercedes-BenzEQE 350(MY23)Mercedes-Benz EQE 350,,,
BMWi4 xDrive40BMW i4 xDrive40,,,
ŠkodaElroq RS(MY25)Skoda Elroq RS,,,
FordCapri Extended Range AWD(MY26)Ford Capri Extended Range AWD,,,
VolkswagenID. Buzz LWB Pro(MY27)Volkswagen ID. Buzz LWB Pro,,,
TeslaModel S 90DTesla Model S 90D,,,
TeslaModel S PerformanceTesla Model S Performance,,,
PorscheTaycan 4S PlusPorsche Taycan 4S Plus,,,
Audie-tron S SportbackAudi e-tron S Sportback,,,
GenesisGV70 Electrified Sport(MY22-24)Genesis GV70 Electrified Sport,,,
Mercedes-BenzEQE 350 4MATIC(MY23)Mercedes-Benz EQE 350 4MATIC,,,
ŠkodaEnyaq Coupe RS(MY24)Skoda Enyaq Coupe RS,,,
VolvoEX90 Single Motor(MY26-27)Volvo EX90 Single Motor,,,
AudiQ4 Sportback e-tron quattro performance(MY27)Audi Q4 Sportback e-tron quattro performance,,,
Citroënë-Berlingo MultispaceCitroen e-Berlingo Multispace,,,
Audie-tron Sportback 50 quattroAudi e-tron Sportback 50 quattro,,,
OpelVivaro-e Combi M 75 kWhOpel Vivaro-e Combi M 75 kWh,,,
Polestar2 Standard Range Single Motor(MY24)Polestar 2 Standard Range Single Motor,,,
OpelCorsa Electric 50 kWh(MY24)Opel Corsa Electric 50 kWh,,,
Mercedes-BenzEQA 350 4MATICMercedes-Benz EQA 350 4MATIC,,,
ŠkodaEnyaq 85x(MY24)Skoda Enyaq 85x,,,
Smart#1 Pro(MY24)Smart #1 Pro,,,
LotusEmeya 900Lotus Emeya 900,,,
CUPRABorn 150 kW - 59 kWh(MY25-26)CUPRA Born 150 kW - 59 kWh,,,
Citroënë-Jumpy Combi XL 75 kWhCitroen e-Jumpy Combi XL 75 kWh,,,
VolkswagenID.3 Pro S - 4 SeatsVolkswagen ID.3 Pro S - 4 Seats,,,
VolkswagenID.5 Pro PerformanceVolkswagen ID.5 Pro Performance,,,
FordCapri Extended Range AWD(MY27)Ford Capri Extended Range AWD,,,
Polestar2 Long Range Dual Motor(MY25)Polestar 2 Long Range Dual Motor,,,
ZeekrX Core RWD(MY25)Zeekr X Core RWD,,,
TeslaModel S Standard RangeTesla Model S Standard Range,,,
Citroënë-C4Citroen e-C4,,,
Kiae-Niro 39 kWhKia e-Niro 39 kWh,,,
Mercedes-BenzEQS 580 4MATICMercedes-Benz EQS 580 4MATIC,,,
Mercedes-BenzeVito Tourer Long 60 kWhMercedes-Benz eVito Tourer Long 60 kWh,,,
AudiSQ6 Sportback e-tron(MY25)Audi SQ6 Sportback e-tron,,,
ToyotaUrban Cruiser 48.8 kWhToyota Urban Cruiser 48.8 kWh,,,
Mercedes-BenzEQE SUV 500 4MATIC(MY25)Mercedes-Benz EQE SUV 500 4MATIC,,,
ZeekrX Core RWD(MY26)Zeekr X Core RWD,,,
SmartEQ fortwo coupeSmart EQ fortwo coupe,,,
FordMustang Mach-E GT(MY23)Ford Mustang Mach-E GT,,,
Mercedes-BenzEQB 250+Mercedes-Benz EQB 250+,,,
GenesisG80 Electrified(MY25)Genesis G80 Electrified,,,
Mercedes-BenzEQE AMG 53 4MATIC+(MY25)Mercedes-Benz EQE AMG 53 4MATIC+,,,
PeugeotiOnPeugeot iOn,,,
OpelZafira-e Life M 75 kWhOpel Zafira-e Life M 75 kWh,,,
Polestar2 Standard Range Single Motor(MY21)Polestar 2 Standard Range Single Motor,,,
VolkswagenID.5 ProVolkswagen ID.5 Pro,,,
Mercedes-BenzEQS 450+Mercedes-Benz EQS 450+,,,
VolvoEX40 Twin Motor(MY25)Volvo EX40 Twin Motor,,,
FordMustang Mach-E Rally(MY24)Ford Mustang Mach-E Rally,,,
KGMMusso EV 2WD(MY26)KGM Musso EV 2WD,,,
PorscheCayenne Turbo Coupé Electric(MY26)Porsche Cayenne Turbo Coupe Electric,,,
ŠkodaEnyaq Coupe 60(MY27)Skoda Enyaq Coupe 60,,,
TeslaModel X PerformanceTesla Model X Performance,,,
OpelMokka-e 54 kWhOpel Mokka-e 54 kWh,,,
VolkswagenID.7 Tourer Pro S(MY24-25)Volkswagen ID.7 Tourer Pro S,,,
FordMustang Mach-E GT(MY24)Ford Mustang Mach-E GT,,,
PorscheTaycan 4Porsche Taycan 4,,,
Forde-Tourneo Custom L2 210 kWFord e-Tourneo Custom L2 210 kW,,,
GenesisGV70 Electrified(MY25)Genesis GV70 Electrified,,,
PorscheTaycan 4S Cross TurismoPorsche Taycan 4S Cross Turismo,,,
Peugeote-Rifter M 50 kWhPeugeot e-Rifter M 50 kWh,,,
VolkswagenID.7 GTX(MY24-25)Volkswagen ID.7 GTX,,,
Mercedes-BenzEQE AMG 43 4MATIC(MY22-23)Mercedes-Benz EQE AMG 43 4MATIC,,,
Citroënë-C4 54 kWhCitroen e-C4 54 kWh,,,
FordMustang Mach-E SR RWD(MY23.75)Ford Mustang Mach-E SR RWD,,,
RenaultScenic E-Tech EV60 170hpRenault Scenic E-Tech EV60 170hp,,,
GWMORA 03 GTGWM ORA 03 GT,,,
PorscheTaycan TurboPorsche Taycan Turbo,,,
GWMORA 07 PureGWM ORA 07 Pure,,,
VolkswagenID.5 Pro(MY26)Volkswagen ID.5 Pro,,,
VolkswagenID.7 Pro(MY26)Volkswagen ID.7 Pro,,,
VolkswagenID.5 GTX(MY27)Volkswagen ID.5 GTX,,,
VolkswagenID.3 Pure PerformanceVolkswagen ID.3 Pure Performance,,,
VolkswagenID.3 Pro S - 4 SeatsVolkswagen ID.3 Pro S - 4 Seats,,,
Polestar2 Long Range Performance(MY24)Polestar 2 Long Range Performance,,,
LotusEmeya RLotus Emeya R,,,
RenaultZoe R90Renault Zoe R90,,,
CUPRABorn 170 kW - 58 kWh(MY22-24)CUPRA Born 170 kW - 58 kWh,,,
RenaultMegane E-Tech EV60 130hpRenault Megane E-Tech EV60 130hp,,,
VolkswagenID.5 GTXVolkswagen ID.5 GTX,,,
Smart#1 Pure(MY24)Smart #1 Pure,,,
FordMustang Mach-E ER AWD(MY25)Ford Mustang Mach-E ER AWD,,,
VolkswagenID.5 Pure(MY27)Volkswagen ID.5 Pure,,,
AudiQ4 e-tron quattro(MY27)Audi Q4 e-tron quattro,,,
TeslaModel S 70Tesla Model S 70,,,
Peugeote-2008 50 kWh(MY24-25)Peugeot e-2008 50 kWh,,,
AudiQ4 Sportback e-tron 55 quattro(MY24-25)Audi Q4 Sportback e-tron 55 quattro,,,
TeslaModel S 60DTesla Model S 60D,,,
Polestar2 Long Range Performance(MY23)Polestar 2 Long Range Performance,,,
PorscheTaycan Turbo SPorsche Taycan Turbo S,,,
Mercedes-BenzEQE SUV 300(MY23-24)Mercedes-Benz EQE SUV 300,,,
ZeekrX Privilege AWD(MY25)Zeekr X Privilege AWD,,,
Mercedes-BenzEQE SUV 350+(MY25)Mercedes-Benz EQE SUV 350+,,,
VolkswagenID. Buzz NWB GTX(MY27)Volkswagen ID. Buzz NWB GTX,,,
VolkswagenID. Buzz LWB Pro 4MOTION(MY27)Volkswagen ID. Buzz LWB Pro 4MOTION,,,
VolkswagenID. Buzz LWB GTX(MY27)Volkswagen ID. Buzz LWB GTX,,,
Mercedes-BenzEQB 250Mercedes-Benz EQB 250,,,
FordMustang Mach-E ER AWD(MY22)Ford Mustang Mach-E ER AWD,,,
NIOEL7 Long RangeNIO EL7 Long Range,,,
VolvoC40 Recharge Single Motor(MY24)Volvo C40 Recharge Single Motor,,,
Mercedes-BenzEQS 500 4MATICMercedes-Benz EQS 500 4MATIC,,,
LucidAir Pure RWD(MY24-25)Lucid Air Pure RWD,,,
PorscheMacan 4S Electric(MY25)Porsche Macan 4S Electric,,,
MGIM5 Standard RangeMG IM5 Standard Range,,,
Polestar3 Performance(MY26)Polestar 3 Performance,,,
JACiEV7sJAC iEV7s,,,
FordMustang Mach-E SR RWD(MY23)Ford Mustang Mach-E SR RWD,,,
VinFastVF 8 Plus Extended RangeVinFast VF 8 Plus Extended Range,,,
VolvoEC40 Single Motor(MY25)Volvo EC40 Single Motor,,,
OpelZafira Electric 75 kWhOpel Zafira Electric 75 kWh,,,
AudiQ4 Sportback e-tron 40(MY25-26)Audi Q4 Sportback e-tron 40,,,
AudiQ4 Sportback e-tron(MY27)Audi Q4 Sportback e-tron,,,
Mercedes-BenzeVito Tourer Extra-Long 90 kWhMercedes-Benz eVito Tourer Extra-Long 90 kWh,,,
FiskerOcean UltraFisker Ocean Ultra,,,
FordMustang Mach-E ER RWD(MY23)Ford Mustang Mach-E ER RWD,,,
FordMustang Mach-E SR RWD(MY24)Ford Mustang Mach-E SR RWD,,,
GenesisGV60 Pure(MY25)Genesis GV60 Pure,,,
VolkswagenID.7 Tourer Pro(MY26)Volkswagen ID.7 Tourer Pro,,,
Forde-Tourneo Custom L2 160 kW AWDFord e-Tourneo Custom L2 160 kW AWD,,,
AudiQ8 Sportback e-tron 50 quattroAudi Q8 Sportback e-tron 50 quattro,,,
PorscheTaycan Turbo Cross TurismoPorsche Taycan Turbo Cross Turismo,,,
ToyotaProace Verso M 50 kWhToyota Proace Verso M 50 kWh,,,
VoyahCourage 80 kWh RWDVoyah Courage 80 kWh RWD,,,
FordCapri Standard Range RWD(MY26)Ford Capri Standard Range RWD,,,
Mercedes-BenzEQS SUV 580 4MATICMercedes-Benz EQS SUV 580 4MATIC,,,
FordMustang Mach-E ER AWD(MY23.75)Ford Mustang Mach-E ER AWD,,,
Smart#1 Pure+(MY24)Smart #1 Pure+,,,
ŠkodaEnyaq Coupe RS(MY25)Skoda Enyaq Coupe RS,,,
Volkswagene-Transporter Kombi L1 160 kW 64 kWhVolkswagen e-Transporter Kombi L1 160 kW 64 kWh,,,
ŠkodaEnyaq Coupe iV RS(MY22-23)Skoda Enyaq Coupe iV RS,,,
Fiat500e 3+1 24 kWhFiat 500e 3+1 24 kWh,,,
e.GOe.wave Xe.GO e.wave X,,,
PorscheTaycan GTS Sport TurismoPorsche Taycan GTS Sport Turismo,,,
RenaultMegane E-Tech EV60 130hp(TU2025)Renault Megane E-Tech EV60 130hp,,,
NIOEL7 Standard RangeNIO EL7 Standard Range,,,
Mercedes-BenzEQE 350+(MY23)Mercedes-Benz EQE 350+,,,
Mercedes-BenzEQT 200 LongMercedes-Benz EQT 200 Long,,,
Forde-Tourneo Custom L1 160 kWFord e-Tourneo Custom L1 160 kW,,,
AudiQ4 Sportback e-tron 50 quattro(MY21-23)Audi Q4 Sportback e-tron 50 quattro,,,
BMWi5 xDrive40 Sedan(MY24)BMW i5 xDrive40 Sedan,,,
BMWi5 eDrive40 Touring(MY24)BMW i5 eDrive40 Touring,,,
Citroënë-Berlingo XL 50 kWhCitroen e-Berlingo XL 50 kWh,,,
NissanAriya e-4ORCE 87kWh - 320 kW NismoNissan Ariya e-4ORCE 87kWh - 320 kW Nismo,,,
DS AutomobilesDS 3 Crossback E-TenseDS Automobiles DS 3 Crossback E-Tense,,,
SmartEQ fortwo cabrioSmart EQ fortwo cabrio,,,
HongqiE-HS9 84 kWhHongqi E-HS9 84 kWh,,,
Mercedes-BenzEQE SUV AMG 53 4MATIC+(MY23-24)Mercedes-Benz EQE SUV AMG 53 4MATIC+,,,
Mercedes-BenzEQE 500 4MATIC(MY24)Mercedes-Benz EQE 500 4MATIC,,,
ŠkodaEnyaq Coupe 60(MY25)Skoda Enyaq Coupe 60,,,
VolkswagenID.4 Pro 4MOTION(MY26)Volkswagen ID.4 Pro 4MOTION,,,
VolvoEX30 Cross Country P5 Long Range(MY27)Volvo EX30 Cross Country P5 Long Range,,,
KiaPV5 Passenger 51.5 kWh - 7 Seats(MY27)Kia PV5 Passenger 51.5 kWh - 7 Seats,,,
Mercedes-BenzEQE 350 4MATIC(MY22-23)Mercedes-Benz EQE 350 4MATIC,,,
Mercedes-BenzEQE AMG 43 4MATIC(MY23)Mercedes-Benz EQE AMG 43 4MATIC,,,
PorscheTaycanPorsche Taycan,,,
Mercedes-BenzEQS 450 4MATICMercedes-Benz EQS 450 4MATIC,,,
AudiQ6 Sportback e-tron(MY25)Audi Q6 Sportback e-tron,,,
OpelGrandland Electric 73 kWh AWDOpel Grandland Electric 73 kWh AWD,,,
PorscheMacan 4S Electric(MY26)Porsche Macan 4S Electric,,,
Peugeote-Traveller Long 75 kWhPeugeot e-Traveller Long 75 kWh,,,
LotusEletre SLotus Eletre S,,,
LanciaYpsilon 54 kWh(MY25)Lancia Ypsilon 54 kWh,,,
Polestar3 Rear Motor(MY26)Polestar 3 Rear Motor,,,
VolkswagenID.4 Pure PerformanceVolkswagen ID.4 Pure Performance,,,
VolkswagenID.5 GTXVolkswagen ID.5 GTX,,,
Smart#1 Pulse(MY23)Smart #1 Pulse,,,
OpelMokka-eOpel Mokka-e,,,
AudiQ4 e-tron 45 quattro(MY21-23)Audi Q4 e-tron 45 quattro,,,
Citroënë-Jumpy Combi M 75 kWhCitroen e-Jumpy Combi M 75 kWh,,,
AiwaysU5Aiways U5,,,
XPENGP7 Wing EditionXPENG P7 Wing Edition,,,
Polestar3 Long Range Single motor(MY23-25)Polestar 3 Long Range Single motor,,,
Volkswagene-Transporter Kombi L1 210 kW 64 kWhVolkswagen e-Transporter Kombi L1 210 kW 64 kWh,,,
PeugeotPartner Tepee ElectricPeugeot Partner Tepee Electric,,,
Fiat500e Cabrio 24 kWhFiat 500e Cabrio 24 kWh,,,
AiwaysU6Aiways U6,,,
VolkswagenID. Buzz NWB Pro 4MOTION(MY27)Volkswagen ID. Buzz NWB Pro 4MOTION,,,
PorscheTaycan PlusPorsche Taycan Plus,,,
Mercedes-BenzEQS 450 4MATICMercedes-Benz EQS 450 4MATIC,,,
FordCapri Standard Range RWD(MY25)Ford Capri Standard Range RWD,,,
Peugeote-Traveller L2 75 kWhPeugeot e-Traveller L2 75 kWh,,,
ŠkodaEnyaq Coupe RS(MY26)Skoda Enyaq Coupe RS,,,
Peugeote-Rifter Long 50 kWhPeugeot e-Rifter Long 50 kWh,,,
Mercedes-BenzeVito Tourer Long 41 kWhMercedes-Benz eVito Tourer Long 41 kWh,,,
Mercedes-BenzEQS SUV 450+Mercedes-Benz EQS SUV 450+,,,
PorscheMacan Turbo Electric(MY26)Porsche Macan Turbo Electric,,,
AudiQ4 Sportback e-tron quattro(MY27)Audi Q4 Sportback e-tron quattro,,,
Mercedes-BenzEQE SUV 350 4MATIC(MY23)Mercedes-Benz EQE SUV 350 4MATIC,,,
ŠkodaEnyaq 50(MY24)Skoda Enyaq 50,,,
TeslaModel X 60DTesla Model X 60D,,,
TeslaModel X Long RangeTesla Model X Long Range,,,
MGMG5 EV Long RangeMG MG5 EV Long Range,,,
SsangYongKorando e-MotionSsangYong Korando e-Motion,,,
LotusEmeya SLotus Emeya S,,,
Mercedes-BenzEQE 350 4MATIC(MY24)Mercedes-Benz EQE 350 4MATIC,,,
Peugeote-Traveller L3 75 kWhPeugeot e-Traveller L3 75 kWh,,,
SonoSionSono Sion,,,
LucidAir Pure AWD(MY23-24)Lucid Air Pure AWD,,,
Citroënë-SpaceTourer M 75 kWhCitroen e-SpaceTourer M 75 kWh,,,
VolkswagenID.3 Pro S - 5 SeatsVolkswagen ID.3 Pro S - 5 Seats,,,
AudiSQ8 SUV e-tronAudi SQ8 SUV e-tron,,,
Mercedes-BenzEQS AMG 53 4MATIC+Mercedes-Benz EQS AMG 53 4MATIC+,,,
TOGGT10F Standard Range RWDTOGG T10F Standard Range RWD,,,
Forde-Tourneo Custom L2 160 kW RWDFord e-Tourneo Custom L2 160 kW RWD,,,
TeslaModel S P90DLTesla Model S P90DL,,,
TeslaModel S 70DTesla Model S 70D,,,
VolvoXC40 Recharge Twin Pure Electric(MY22)Volvo XC40 Recharge Twin Pure Electric,,,
NissanTownstar EV Passenger L2Nissan Townstar EV Passenger L2,,,
BMWi5 xDrive40 Touring(MY25)BMW i5 xDrive40 Touring,,,
VolkswagenID.5 Pure(MY26)Volkswagen ID.5 Pure,,,
CadillacLYRIQ-V(MY26)Cadillac LYRIQ-V,,,
AudiQ4 Sportback e-tron 55 quattro(MY26)Audi Q4 Sportback e-tron 55 quattro,,,
BMWi3s 94 AhBMW i3s 94 Ah,,,
Citroënë-SpaceTourer XL 75 kWhCitroen e-SpaceTourer XL 75 kWh,,,
VolvoEC40 Twin Motor Performance(MY26)Volvo EC40 Twin Motor Performance,,,
Volkswagene-Caravelle L1 100 kW 64 kWhVolkswagen e-Caravelle L1 100 kW 64 kWh,,,
HyundaiKona Electric 39 kWh(MY18-19)Hyundai Kona Electric 39 kWh,,,
Mercedes-BenzEQE SUV 500 4MATIC(MY23)Mercedes-Benz EQE SUV 500 4MATIC,,,
ToyotaProace City Verso L1 50 kWhToyota Proace City Verso L1 50 kWh,,,
Mercedes-BenzEQE 300(MY24)Mercedes-Benz EQE 300,,,
Abarth600e TurismoAbarth 600e Turismo,,,
Forde-Tourneo Custom L1 160 kW AWDFord e-Tourneo Custom L1 160 kW AWD,,,
Mercedes-BenzEQE SUV AMG 43 4MATIC(MY23-24)Mercedes-Benz EQE SUV AMG 43 4MATIC,,,
Abarth500e ScorpionissimaAbarth 500e Scorpionissima,,,
PorscheTaycan 4SPorsche Taycan 4S,,,
LucidAir Touring(MY26)Lucid Air Touring,,,
Forde-Tourneo Custom L1 210 kW AWDFord e-Tourneo Custom L1 210 kW AWD,,,
SmartEQ forfourSmart EQ forfour,,,
Mercedes-BenzeVito Tourer Extra-Long 41 kWhMercedes-Benz eVito Tourer Extra-Long 41 kWh,,,
ZeekrX Privilege AWD(MY24)Zeekr X Privilege AWD,,,
VolvoEC40 Single Motor(MY26)Volvo EC40 Single Motor,,,
HongqiE-HS7 111 kWh AWD ProHongqi E-HS7 111 kWh AWD Pro,,,
Mercedes-BenzEQE SUV AMG 53 4MATIC+(MY25)Mercedes-Benz EQE SUV AMG 53 4MATIC+,,,
Mercedes-BenzEQE 500 4MATIC(MY22-23)Mercedes-Benz EQE 500 4MATIC,,,
VolvoEX40 Twin Motor Performance(MY25)Volvo EX40 Twin Motor Performance,,,
Peugeote-Rifter XL 50 kWhPeugeot e-Rifter XL 50 kWh,,,
VolkswagenID.5 Pure(MY24-25)Volkswagen ID.5 Pure,,,
VolkswagenID.5 Pro 4MOTION(MY27)Volkswagen ID.5 Pro 4MOTION,,,
Mercedes-BenzEQE SUV 300(MY25)Mercedes-Benz EQE SUV 300,,,
Forde-Tourneo Custom L1 160 kW RWDFord e-Tourneo Custom L1 160 kW RWD,,,
ORAFunky Cat 63 kWhORA Funky Cat 63 kWh,,,
ZeekrX Long Range RWD(MY24)Zeekr X Long Range RWD,,,
NIOEL8 Standard RangeNIO EL8 Standard Range,,,
Volkswagene-Transporter Kombi L2 100 kW 64 kWhVolkswagen e-Transporter Kombi L2 100 kW 64 kWh,,,
Audie-tron Sportback 55 quattroAudi e-tron Sportback 55 quattro,,,
TeslaModel X PerformanceTesla Model X Performance,,,
ŠkodaEnyaq iV RS(MY23)Skoda Enyaq iV RS,,,
ToyotaProace Verso M 75 kWhToyota Proace Verso M 75 kWh,,,
Citroënë-Berlingo XL 50 kWhCitroen e-Berlingo XL 50 kWh,,,
VolkswagenID. Buzz NWB PureVolkswagen ID. Buzz NWB Pure,,,
Abarth600e Competizione(MY26)Abarth 600e Competizione,,,
OpelVivaro-e Combi L 75 kWhOpel Vivaro-e Combi L 75 kWh,,,
Peugeote-Expert Combi Standard 75 kWhPeugeot e-Expert Combi Standard 75 kWh,,,
FordMustang Mach-E Rally(MY25)Ford Mustang Mach-E Rally,,,
TeslaModel S P90DTesla Model S P90D,,,
Kiae-Niro 39 kWhKia e-Niro 39 kWh,,,
FordMustang Mach-E GT(MY21)Ford Mustang Mach-E GT,,,
PorscheTaycan 4S Cross TurismoPorsche Taycan 4S Cross Turismo,,,
VolkswagenID.5 ProVolkswagen ID.5 Pro,,,
VolvoEC40 Twin Motor(MY25)Volvo EC40 Twin Motor,,,
PorscheTaycan 4 PlusPorsche Taycan 4 Plus,,,
GenesisGV60 Sport(MY25)Genesis GV60 Sport,,,
Forde-Tourneo Custom L2 210 kW AWDFord e-Tourneo Custom L2 210 kW AWD,,,
Kiae-Soul 39 kWhKia e-Soul 39 kWh,,,
AudiQ4 Sportback e-tron 35(MY21-23)Audi Q4 Sportback e-tron 35,,,
Peugeote-Rifter Standard 50 kWhPeugeot e-Rifter Standard 50 kWh,,,
PorscheTaycan GTS Sport TurismoPorsche Taycan GTS Sport Turismo,,,
ŠkodaEnyaq Coupe iV 80(MY23)Skoda Enyaq Coupe iV 80,,,
AudiQ4 Sportback e-tron 45 quattro(MY21-23)Audi Q4 Sportback e-tron 45 quattro,,,
PorscheTaycan 4 Cross TurismoPorsche Taycan 4 Cross Turismo,,,
PorscheTaycan Plus Sport TurismoPorsche Taycan Plus Sport Turismo,,,
PorscheTaycan Turbo S Cross TurismoPorsche Taycan Turbo S Cross Turismo,,,
Mercedes-BenzeVito Tourer Long 60 kWhMercedes-Benz eVito Tourer Long 60 kWh,,,
OpelGrandland Electric 82 kWhOpel Grandland Electric 82 kWh,,,
Forde-Tourneo Custom L2 210 kW RWDFord e-Tourneo Custom L2 210 kW RWD,,,
FordMustang Mach-E SR AWD(MY21)Ford Mustang Mach-E SR AWD,,,
JaguarI-Pace EV320Jaguar I-Pace EV320,,,
Seres3Seres 3,,,
PorscheTaycan TurboPorsche Taycan Turbo,,,
ŠkodaEnyaq RS(MY24)Skoda Enyaq RS,,,
ŠkodaEnyaq RS(MY25)Skoda Enyaq RS,,,
Forde-Tourneo Custom L1 210 kW RWDFord e-Tourneo Custom L1 210 kW RWD,,,
TeslaModel X P90DLTesla Model X P90DL,,,
TeslaModel X Standard RangeTesla Model X Standard Range,,,
Mercedes-BenzEQA 250+Mercedes-Benz EQA 250+,,,
FiatE-Ulysse L3 75 kWhFiat E-Ulysse L3 75 kWh,,,
PorscheTaycan Turbo Sport TurismoPorsche Taycan Turbo Sport Turismo,,,
Peugeote-Traveller L2 50 kWhPeugeot e-Traveller L2 50 kWh,,,
DS AutomobilesN°8 FWDDS Automobiles N°8 FWD,,,
Mercedes-BenzEQV 250 LongMercedes-Benz EQV 250 Long,,,
Kiae-Soul 39 kWhKia e-Soul 39 kWh,,,
Audie-tron SAudi e-tron S,,,
PorscheTaycan Plus Sport TurismoPorsche Taycan Plus Sport Turismo,,,
ToyotaProace City Verso L2 50 kWhToyota Proace City Verso L2 50 kWh,,,
PorscheTaycan 4S Cross TurismoPorsche Taycan 4S Cross Turismo,,,
BMWi5 M60 xDrive Touring(MY24)BMW i5 M60 xDrive Touring,,,
Mercedes-BenzEQE AMG 53 4MATIC+(MY24)Mercedes-Benz EQE AMG 53 4MATIC+,,,
GWMORA 07 ProGWM ORA 07 Pro,,,
BMWi5 xDrive40 Touring(MY24)BMW i5 xDrive40 Touring,,,
Volkswagene-Caravelle L2 100 kW 64 kWhVolkswagen e-Caravelle L2 100 kW 64 kWh,,,
GenesisGV60 Sport Plus(MY22-24)Genesis GV60 Sport Plus,,,
RenaultKangoo Grand E-Tech ElectricRenault Kangoo Grand E-Tech Electric,,,
PorscheTaycan 4S Sport TurismoPorsche Taycan 4S Sport Turismo,,,
Mercedes-BenzeVito Tourer Extra-Long 60 kWhMercedes-Benz eVito Tourer Extra-Long 60 kWh,,,
Volkswagene-Caravelle L2 160 kW 64 kWhVolkswagen e-Caravelle L2 160 kW 64 kWh,,,
SmartEQ fortwo cabrioSmart EQ fortwo cabrio,,,
ŠkodaEnyaq Coupe iV 80x(MY23)Skoda Enyaq Coupe iV 80x,,,
FordMustang Mach-E GT(MY22)Ford Mustang Mach-E GT,,,
PorscheTaycan Turbo S Sport TurismoPorsche Taycan Turbo S Sport Turismo,,,
OpelCombo Electric XL 50 kWhOpel Combo Electric XL 50 kWh,,,
Citroënë-SpaceTourer M 50 kWhCitroen e-SpaceTourer M 50 kWh,,,
NissanAriya e-4ORCE 87kWh - 290 kWNissan Ariya e-4ORCE 87kWh - 290 kW,,,
OpelVivaro-e Combi L 50 kWhOpel Vivaro-e Combi L 50 kWh,,,
Mercedes-BenzEQE AMG 53 4MATIC+(MY22-23)Mercedes-Benz EQE AMG 53 4MATIC+,,,
Mercedes-BenzEQS 500 4MATICMercedes-Benz EQS 500 4MATIC,,,
Mercedes-BenzEQE AMG 53 4MATIC+(MY23)Mercedes-Benz EQE AMG 53 4MATIC+,,,
VolvoEX90 Single Motor(MY24-25)Volvo EX90 Single Motor,,,
Polestar2 Long Range Performance(MY25)Polestar 2 Long Range Performance,,,
OpelCombo-e Life XL 50 kWhOpel Combo-e Life XL 50 kWh,,,
FordMustang Mach-E ER RWD(MY23.75)Ford Mustang Mach-E ER RWD,,,
FordMustang Mach-E GT(MY23.75)Ford Mustang Mach-E GT,,,
Volkswagene-Transporter Kombi L1 100 kW 64 kWhVolkswagen e-Transporter Kombi L1 100 kW 64 kWh,,,
Volkswagene-Transporter Kombi L2 160 kW 64 kWhVolkswagen e-Transporter Kombi L2 160 kW 64 kWh,,,
RenaultZoe R90 EntryRenault Zoe R90 Entry,,,
Mercedes-BenzeVito Tourer Extra-Long 60 kWhMercedes-Benz eVito Tourer Extra-Long 60 kWh,,,
BYDDOLPHIN 44.9 kWh Boost(MY24)BYD DOLPHIN 44.9 kWh Boost,,,
Citroënë-SpaceTourer M 50 kWhCitroen e-SpaceTourer M 50 kWh,,,
FordMustang Mach-E SR RWD(MY22)Ford Mustang Mach-E SR RWD,,,
MiniCooper SE ConvertibleMini Cooper SE Convertible,,,
HyundaiIONIQ 5 Standard Range AWD(MY21)Hyundai IONIQ 5 Standard Range AWD,,,
GenesisGV60 Sport(MY22-24)Genesis GV60 Sport,,,
FordMustang Mach-E SR AWD(MY22)Ford Mustang Mach-E SR AWD,,,
VolkswagenID.4 Pro 4MOTIONVolkswagen ID.4 Pro 4MOTION,,,
PorscheTaycan PlusPorsche Taycan Plus,,,
Citroënë-SpaceTourer XL 50 kWhCitroen e-SpaceTourer XL 50 kWh,,,
OpelZafira Electric XL 75 kWhOpel Zafira Electric XL 75 kWh,,,
Peugeote-Traveller Standard 75 kWhPeugeot e-Traveller Standard 75 kWh,,,
PorscheTaycan Sport TurismoPorsche Taycan Sport Turismo,,,
Mercedes-BenzEQE 350(MY22-23)Mercedes-Benz EQE 350,,,
VolvoEC40 Twin Motor Performance(MY25)Volvo EC40 Twin Motor Performance,,,
AudiSQ8 Sportback e-tronAudi SQ8 Sportback e-tron,,,
ŠkodaEnyaq Coupe 85x(MY24)Skoda Enyaq Coupe 85x,,,
Mercedes-BenzEQE AMG 43 4MATIC(MY24)Mercedes-Benz EQE AMG 43 4MATIC,,,
TeslaModel S P90DLTesla Model S P90DL,,,
OpelZafira-e Life L 75 kWhOpel Zafira-e Life L 75 kWh,,,
PorscheTaycan Turbo S Cross TurismoPorsche Taycan Turbo S Cross Turismo,,,
ORAFunky Cat GTORA Funky Cat GT,,,
OpelZafira Electric XL 50 kWhOpel Zafira Electric XL 50 kWh,,,
FordMustang Mach-E SR AWD(MY24)Ford Mustang Mach-E SR AWD,,,
Volkswagene-Caravelle L1 160 kW 64 kWhVolkswagen e-Caravelle L1 160 kW 64 kWh,,,
Kiae-Niro 39 kWhKia e-Niro 39 kWh,,,
PorscheTaycan 4S Plus Sport TurismoPorsche Taycan 4S Plus Sport Turismo,,,
Kiae-Soul 39.2 kWhKia e-Soul 39.2 kWh,,,
Mercedes-BenzEQS SUV 500 4MATICMercedes-Benz EQS SUV 500 4MATIC,,,
Peugeote-Traveller L3 50 kWhPeugeot e-Traveller L3 50 kWh,,,
Forde-Tourneo Custom L1 210 kWFord e-Tourneo Custom L1 210 kW,,,
Peugeote-Traveller Standard 50 kWhPeugeot e-Traveller Standard 50 kWh,,,
PorscheTaycan 4S PlusPorsche Taycan 4S Plus,,,
LucidAir Dream Edition PLucid Air Dream Edition P,,,
LucidAir Touring(MY23-24)Lucid Air Touring,,,
FordMustang Mach-E SR AWD(MY23.75)Ford Mustang Mach-E SR AWD,,,
LucidAir Touring(MY25)Lucid Air Touring,,,
OpelZafira-e Life L 50 kWhOpel Zafira-e Life L 50 kWh,,,
ToyotaProace Verso L 50 kWhToyota Proace Verso L 50 kWh,,,
TeslaModel X Ludicrous PerformanceTesla Model X Ludicrous Performance,,,
ŠkodaEnyaq Coupe iV 60(MY23)Skoda Enyaq Coupe iV 60,,,
ToyotaProace Verso L 75 kWhToyota Proace Verso L 75 kWh,,,
PorscheTaycan 4S Sport TurismoPorsche Taycan 4S Sport Turismo,,,
FordMustang Mach-E SR AWD(MY23)Ford Mustang Mach-E SR AWD,,,
JeepAvenger Electric 1st EditionJeep Avenger Electric 1st Edition,,,
Mercedes-BenzEQV 250 Extra-LongMercedes-Benz EQV 250 Extra-Long,,,
Volkswagene-Caravelle L1 210 kW 64 kWhVolkswagen e-Caravelle L1 210 kW 64 kWh,,,
SmartForTwo Cabrio Electric DriveSmart ForTwo Cabrio Electric Drive,,,
TeslaModel X PerformanceTesla Model X Performance,,,
PorscheTaycan Turbo Cross TurismoPorsche Taycan Turbo Cross Turismo,,,
FiskerOcean SportFisker Ocean Sport,,,
FiatE-Ulysse L2 75 kWhFiat E-Ulysse L2 75 kWh,,,
ŠkodaEnyaq Coupe 85x(MY26)Skoda Enyaq Coupe 85x,,,
Citroënë-SpaceTourer XL 75 kWhCitroen e-SpaceTourer XL 75 kWh,,,
Mercedes-BenzEQE SUV 350+(MY23)Mercedes-Benz EQE SUV 350+,,,
Audie-tron S SportbackAudi e-tron S Sportback,,,
OpelZafira-e Life M 50 kWhOpel Zafira-e Life M 50 kWh,,,
PorscheTaycan Turbo S Sport TurismoPorsche Taycan Turbo S Sport Turismo,,,
PorscheTaycan Turbo S Cross TurismoPorsche Taycan Turbo S Cross Turismo,,,
ŠkodaEnyaq Coupe 60(MY24)Skoda Enyaq Coupe 60,,,
Peugeote-Traveller Long 50 kWhPeugeot e-Traveller Long 50 kWh,,,
ToyotaProace Shuttle L 75 kWhToyota Proace Shuttle L 75 kWh,,,
FordExplorer Extended Range RWD(MY24)Ford Explorer Extended Range RWD,,,
Forde-Tourneo Custom L2 160 kWFord e-Tourneo Custom L2 160 kW,,,
Citroënë-SpaceTourer XL 50 kWhCitroen e-SpaceTourer XL 50 kWh,,,
Peugeote-Expert Combi Standard 50 kWhPeugeot e-Expert Combi Standard 50 kWh,,,
PorscheTaycan Turbo Cross TurismoPorsche Taycan Turbo Cross Turismo,,,
Mercedes-BenzEQE SUV 300(MY23)Mercedes-Benz EQE SUV 300,,,
OpelVivaro-e Combi M 50 kWhOpel Vivaro-e Combi M 50 kWh,,,
PorscheTaycan Turbo Sport TurismoPorsche Taycan Turbo Sport Turismo,,,
ToyotaProace Verso M 50 kWhToyota Proace Verso M 50 kWh,,,
Mercedes-BenzEQV 250 Extra-LongMercedes-Benz EQV 250 Extra-Long,,,
Citroënë-Jumpy Combi M 50 kWhCitroen e-Jumpy Combi M 50 kWh,,,
Peugeote-Traveller Compact 50 kWhPeugeot e-Traveller Compact 50 kWh,,,
Mercedes-BenzEQV 250 LongMercedes-Benz EQV 250 Long,,,
OpelVivaro-e Combi S 50 kWhOpel Vivaro-e Combi S 50 kWh,,,
Audie-tron Sportback 50 quattroAudi e-tron Sportback 50 quattro,,,
Citroënë-Jumpy Combi XS 50 kWhCitroen e-Jumpy Combi XS 50 kWh,,,
FiatE-Ulysse L2 50 kWhFiat E-Ulysse L2 50 kWh,,,
FiatE-Ulysse L3 50 kWhFiat E-Ulysse L3 50 kWh,,,
Peugeote-Expert Combi Compact 50 kWhPeugeot e-Expert Combi Compact 50 kWh,,,
ToyotaProace Shuttle L 50 kWhToyota Proace Shuttle L 50 kWh,,,
Peugeote-Expert Combi Long 50 kWhPeugeot e-Expert Combi Long 50 kWh,,,
Citroënë-Jumpy Combi XL 50 kWhCitroen e-Jumpy Combi XL 50 kWh,,,
ToyotaProace Shuttle M 50 kWhToyota Proace Shuttle M 50 kWh,,,
Citroënë-SpaceTourer XS 50 kWhCitroen e-SpaceTourer XS 50 kWh,,,
ToyotaProace Shuttle M 75 kWhToyota Proace Shuttle M 75 kWh,,,
OpelZafira-e Life S 50 kWhOpel Zafira-e Life S 50 kWh,,,
